medicine,rxcui,ingredient,source_available,source_authority,indications,dosage,contraindications,warnings,adverse_reactions,interactions,pregnancy,pediatric,geriatric,renal,hepatic,patient_counseling,provenance_complete,quality_status
Amoxicillin 500 mg Oral Capsule,308189,Amoxicillin,TRUE,FDA DailyMed / US NLM,TRUE,TRUE,TRUE,TRUE,TRUE,TRUE,TRUE,FALSE,FALSE,FALSE,FALSE,TRUE,TRUE,VALID
Amoxicillin and Clavulanate 875-125 mg Oral Tablet,308191,Amoxicillin / Clavulanate,TRUE,FDA DailyMed / US NLM,TRUE,TRUE,TRUE,TRUE,TRUE,TRUE,TRUE,FALSE,FALSE,FALSE,FALSE,TRUE,TRUE,VALID
Ampicillin 500 mg Oral/IV,723,Ampicillin,TRUE,FDA DailyMed / US NLM,TRUE,TRUE,TRUE,TRUE,TRUE,TRUE,TRUE,FALSE,FALSE,FALSE,FALSE,TRUE,TRUE,VALID
Ampicillin and Sulbactam 1.5 g IV/IM,308192,Ampicillin / Sulbactam,TRUE,FDA DailyMed / US NLM,TRUE,TRUE,TRUE,TRUE,TRUE,TRUE,TRUE,FALSE,FALSE,FALSE,FALSE,TRUE,TRUE,WARNING
Piperacillin and Tazobactam 3.375 g IV Infusion,312437,Piperacillin / Tazobactam,TRUE,FDA DailyMed / US NLM,TRUE,TRUE,TRUE,TRUE,TRUE,TRUE,TRUE,FALSE,FALSE,FALSE,FALSE,TRUE,TRUE,WARNING
Penicillin V Potassium 500 mg Oral Tablet,8339,Penicillin V Potassium,TRUE,FDA DailyMed / US NLM,TRUE,TRUE,TRUE,TRUE,TRUE,TRUE,TRUE,FALSE,FALSE,FALSE,FALSE,TRUE,TRUE,WARNING
Penicillin G Benzathine 1.2 M units IM Injection,8336,Penicillin G Benzathine,TRUE,FDA DailyMed / US NLM,TRUE,TRUE,TRUE,TRUE,TRUE,TRUE,TRUE,FALSE,FALSE,FALSE,FALSE,TRUE,TRUE,VALID
Dicloxacillin 500 mg Oral Capsule,3324,Dicloxacillin,TRUE,FDA DailyMed / US NLM,TRUE,TRUE,TRUE,TRUE,TRUE,TRUE,TRUE,FALSE,FALSE,FALSE,FALSE,TRUE,TRUE,VALID
Oxacillin 1 g IV Infusion,7781,Oxacillin,TRUE,FDA DailyMed / US NLM,TRUE,TRUE,TRUE,TRUE,TRUE,TRUE,TRUE,FALSE,FALSE,FALSE,FALSE,TRUE,TRUE,WARNING
Nafcillin 1 g IV Infusion,7238,Nafcillin,TRUE,FDA DailyMed / US NLM,TRUE,TRUE,TRUE,TRUE,TRUE,TRUE,TRUE,FALSE,FALSE,FALSE,FALSE,TRUE,TRUE,WARNING
Cephalexin 500 mg Oral Capsule,2215,Cephalexin,TRUE,FDA DailyMed / US NLM,TRUE,TRUE,TRUE,TRUE,TRUE,TRUE,TRUE,FALSE,FALSE,FALSE,FALSE,TRUE,TRUE,VALID
Cefazolin 1 g IV/IM,2180,Cefazolin,TRUE,FDA DailyMed / US NLM,TRUE,TRUE,TRUE,TRUE,TRUE,TRUE,TRUE,FALSE,FALSE,FALSE,FALSE,TRUE,TRUE,WARNING
Cefadroxil 500 mg Oral Capsule,2176,Cefadroxil,TRUE,FDA DailyMed / US NLM,TRUE,TRUE,TRUE,TRUE,TRUE,TRUE,TRUE,FALSE,FALSE,FALSE,FALSE,TRUE,TRUE,WARNING
Cefuroxime 500 mg Oral/IV,2193,Cefuroxime,TRUE,FDA DailyMed / US NLM,TRUE,TRUE,TRUE,TRUE,TRUE,TRUE,TRUE,FALSE,FALSE,FALSE,FALSE,TRUE,TRUE,WARNING
Cefprozil 500 mg Oral Tablet,2189,Cefprozil,TRUE,FDA DailyMed / US NLM,TRUE,TRUE,TRUE,TRUE,TRUE,TRUE,TRUE,FALSE,FALSE,FALSE,FALSE,TRUE,TRUE,WARNING
Cefaclor 500 mg Oral Capsule,2175,Cefaclor,TRUE,FDA DailyMed / US NLM,TRUE,TRUE,TRUE,TRUE,TRUE,TRUE,TRUE,FALSE,FALSE,FALSE,FALSE,TRUE,TRUE,WARNING
Cefoxitin 1 g IV Injection,2188,Cefoxitin,TRUE,FDA DailyMed / US NLM,TRUE,TRUE,TRUE,TRUE,TRUE,TRUE,TRUE,FALSE,FALSE,FALSE,FALSE,TRUE,TRUE,WARNING
Cefotetan 1 g IV/IM,2187,Cefotetan,TRUE,FDA DailyMed / US NLM,TRUE,TRUE,TRUE,TRUE,TRUE,TRUE,TRUE,FALSE,FALSE,FALSE,FALSE,TRUE,TRUE,WARNING
Ceftriaxone 1 g IV/IM Injection,2191,Ceftriaxone,TRUE,FDA DailyMed / US NLM,TRUE,TRUE,TRUE,TRUE,TRUE,TRUE,TRUE,FALSE,FALSE,FALSE,FALSE,TRUE,TRUE,VALID
Cefotaxime 1 g IV/IM,2184,Cefotaxime,TRUE,FDA DailyMed / US NLM,TRUE,TRUE,TRUE,TRUE,TRUE,TRUE,TRUE,FALSE,FALSE,FALSE,FALSE,TRUE,TRUE,VALID
Ceftazidime 1 g IV/IM,2190,Ceftazidime,TRUE,FDA DailyMed / US NLM,TRUE,TRUE,TRUE,TRUE,TRUE,TRUE,TRUE,FALSE,FALSE,FALSE,FALSE,TRUE,TRUE,WARNING
Cefixime 200 mg Oral Tablet,2186,Cefixime,TRUE,FDA DailyMed / US NLM,TRUE,TRUE,TRUE,TRUE,TRUE,TRUE,TRUE,FALSE,FALSE,FALSE,FALSE,TRUE,TRUE,WARNING
Cefpodoxime 200 mg Oral Tablet,2185,Cefpodoxime,TRUE,FDA DailyMed / US NLM,TRUE,TRUE,TRUE,TRUE,TRUE,TRUE,TRUE,FALSE,FALSE,FALSE,FALSE,TRUE,TRUE,WARNING
Cefdinir 300 mg Oral Capsule,86411,Cefdinir,TRUE,FDA DailyMed / US NLM,TRUE,TRUE,TRUE,TRUE,TRUE,TRUE,TRUE,FALSE,FALSE,FALSE,FALSE,TRUE,TRUE,WARNING
Ceftibuten 400 mg Oral Capsule,25833,Ceftibuten,TRUE,FDA DailyMed / US NLM,TRUE,TRUE,TRUE,TRUE,TRUE,TRUE,TRUE,FALSE,FALSE,FALSE,FALSE,TRUE,TRUE,WARNING
Cefepime 1 g IV Infusion,25832,Cefepime,TRUE,FDA DailyMed / US NLM,TRUE,TRUE,TRUE,TRUE,TRUE,TRUE,TRUE,FALSE,FALSE,FALSE,FALSE,TRUE,TRUE,WARNING
Ceftaroline 600 mg IV Infusion,1043400,Ceftaroline,TRUE,FDA DailyMed / US NLM,TRUE,TRUE,TRUE,TRUE,TRUE,TRUE,TRUE,FALSE,FALSE,FALSE,FALSE,TRUE,TRUE,WARNING
Ceftolozane and Tazobactam 1.5 g IV Infusion,1598285,Ceftolozane / Tazobactam,TRUE,FDA DailyMed / US NLM,TRUE,TRUE,TRUE,TRUE,TRUE,TRUE,TRUE,FALSE,FALSE,FALSE,FALSE,TRUE,TRUE,WARNING
Ceftazidime and Avibactam 2.5 g IV Infusion,1601386,Ceftazidime / Avibactam,TRUE,FDA DailyMed / US NLM,TRUE,TRUE,TRUE,TRUE,TRUE,TRUE,TRUE,FALSE,FALSE,FALSE,FALSE,TRUE,TRUE,WARNING
Meropenem 1 g IV Infusion,67108,Meropenem,TRUE,FDA DailyMed / US NLM,TRUE,TRUE,TRUE,TRUE,TRUE,TRUE,TRUE,FALSE,FALSE,FALSE,FALSE,TRUE,TRUE,VALID
Imipenem and Cilastatin 500-500 mg IV Infusion,2181,Imipenem / Cilastatin,TRUE,FDA DailyMed / US NLM,TRUE,TRUE,TRUE,TRUE,TRUE,TRUE,TRUE,FALSE,FALSE,FALSE,FALSE,TRUE,TRUE,WARNING
Ertapenem 1 g IV/IM,352385,Ertapenem,TRUE,FDA DailyMed / US NLM,TRUE,TRUE,TRUE,TRUE,TRUE,TRUE,TRUE,FALSE,FALSE,FALSE,FALSE,TRUE,TRUE,WARNING
Doripenem 500 mg IV Infusion,699042,Doripenem,TRUE,FDA DailyMed / US NLM,TRUE,TRUE,TRUE,TRUE,TRUE,TRUE,TRUE,FALSE,FALSE,FALSE,FALSE,TRUE,TRUE,WARNING
Meropenem and Vaborbactam 2 g IV Infusion,1946825,Meropenem / Vaborbactam,TRUE,FDA DailyMed / US NLM,TRUE,TRUE,TRUE,TRUE,TRUE,TRUE,TRUE,FALSE,FALSE,FALSE,FALSE,TRUE,TRUE,WARNING
Aztreonam 1 g IV/Inhalation,1223,Aztreonam,TRUE,FDA DailyMed / US NLM,TRUE,TRUE,TRUE,TRUE,TRUE,TRUE,TRUE,FALSE,FALSE,FALSE,FALSE,TRUE,TRUE,VALID
Vancomycin 1 g IV/Oral,11124,Vancomycin,TRUE,FDA DailyMed / US NLM,TRUE,TRUE,TRUE,TRUE,TRUE,TRUE,TRUE,FALSE,FALSE,FALSE,FALSE,TRUE,TRUE,VALID
Daptomycin 500 mg IV Infusion,349251,Daptomycin,TRUE,FDA DailyMed / US NLM,TRUE,TRUE,TRUE,TRUE,TRUE,TRUE,TRUE,FALSE,FALSE,FALSE,FALSE,TRUE,TRUE,VALID
Linezolid 600 mg Oral/IV,284635,Linezolid,TRUE,FDA DailyMed / US NLM,TRUE,TRUE,TRUE,TRUE,TRUE,TRUE,TRUE,FALSE,FALSE,FALSE,FALSE,TRUE,TRUE,WARNING
Tedizolid 200 mg Oral/IV,1544460,Tedizolid,TRUE,FDA DailyMed / US NLM,TRUE,TRUE,TRUE,TRUE,TRUE,TRUE,TRUE,FALSE,FALSE,FALSE,FALSE,TRUE,TRUE,WARNING
Dalbavancin 500 mg IV Infusion,596814,Dalbavancin,TRUE,FDA DailyMed / US NLM,TRUE,TRUE,TRUE,TRUE,TRUE,TRUE,TRUE,FALSE,FALSE,FALSE,FALSE,TRUE,TRUE,WARNING
Oritavancin 400 mg IV Infusion,1544462,Oritavancin,TRUE,FDA DailyMed / US NLM,TRUE,TRUE,TRUE,TRUE,TRUE,TRUE,TRUE,FALSE,FALSE,FALSE,FALSE,TRUE,TRUE,WARNING
Gentamicin 80 mg IV/IM,4715,Gentamicin,TRUE,FDA DailyMed / US NLM,TRUE,TRUE,TRUE,TRUE,TRUE,TRUE,TRUE,FALSE,FALSE,FALSE,FALSE,TRUE,TRUE,VALID
Tobramycin 80 mg IV/Inhalation,10627,Tobramycin,TRUE,FDA DailyMed / US NLM,TRUE,TRUE,TRUE,TRUE,TRUE,TRUE,TRUE,FALSE,FALSE,FALSE,FALSE,TRUE,TRUE,WARNING
Amikacin 500 mg IV/IM,641,Amikacin,TRUE,FDA DailyMed / US NLM,TRUE,TRUE,TRUE,TRUE,TRUE,TRUE,TRUE,FALSE,FALSE,FALSE,FALSE,TRUE,TRUE,WARNING
Plazomicin 500 mg IV Infusion,2053285,Plazomicin,TRUE,FDA DailyMed / US NLM,TRUE,TRUE,TRUE,TRUE,TRUE,TRUE,TRUE,FALSE,FALSE,FALSE,FALSE,TRUE,TRUE,WARNING
Streptomycin 1 g IM Injection,10114,Streptomycin,TRUE,FDA DailyMed / US NLM,TRUE,TRUE,TRUE,TRUE,TRUE,TRUE,TRUE,FALSE,FALSE,FALSE,FALSE,TRUE,TRUE,WARNING
Neomycin 500 mg Oral Tablet,7320,Neomycin,TRUE,FDA DailyMed / US NLM,TRUE,TRUE,TRUE,TRUE,TRUE,TRUE,TRUE,FALSE,FALSE,FALSE,FALSE,TRUE,TRUE,WARNING
Ciprofloxacin 500 mg Oral Tablet,2551,Ciprofloxacin,TRUE,FDA DailyMed / US NLM,TRUE,TRUE,TRUE,TRUE,TRUE,TRUE,TRUE,FALSE,FALSE,FALSE,FALSE,TRUE,TRUE,VALID
Levofloxacin 500 mg Oral/IV,82122,Levofloxacin,TRUE,FDA DailyMed / US NLM,TRUE,TRUE,TRUE,TRUE,TRUE,TRUE,TRUE,FALSE,FALSE,FALSE,FALSE,TRUE,TRUE,WARNING
Moxifloxacin 400 mg Oral/IV,139462,Moxifloxacin,TRUE,FDA DailyMed / US NLM,TRUE,TRUE,TRUE,TRUE,TRUE,TRUE,TRUE,FALSE,FALSE,FALSE,FALSE,TRUE,TRUE,WARNING
Ofloxacin 200 mg Oral Tablet,7617,Ofloxacin,TRUE,FDA DailyMed / US NLM,TRUE,TRUE,TRUE,TRUE,TRUE,TRUE,TRUE,FALSE,FALSE,FALSE,FALSE,TRUE,TRUE,WARNING
Norfloxacin 400 mg Oral Tablet,7512,Norfloxacin,TRUE,FDA DailyMed / US NLM,TRUE,TRUE,TRUE,TRUE,TRUE,TRUE,TRUE,FALSE,FALSE,FALSE,FALSE,TRUE,TRUE,WARNING
Delafloxacin 450 mg Oral/IV,1923836,Delafloxacin,TRUE,FDA DailyMed / US NLM,TRUE,TRUE,TRUE,TRUE,TRUE,TRUE,TRUE,FALSE,FALSE,FALSE,FALSE,TRUE,TRUE,WARNING
Azithromycin 500 mg Oral Tablet,198440,Azithromycin,TRUE,FDA DailyMed / US NLM,TRUE,TRUE,TRUE,TRUE,TRUE,TRUE,TRUE,FALSE,FALSE,FALSE,FALSE,TRUE,TRUE,VALID
Clarithromycin 500 mg Oral Tablet,21212,Clarithromycin,TRUE,FDA DailyMed / US NLM,TRUE,TRUE,TRUE,TRUE,TRUE,TRUE,TRUE,FALSE,FALSE,FALSE,FALSE,TRUE,TRUE,VALID
Erythromycin 250 mg Oral Tablet,4053,Erythromycin,TRUE,FDA DailyMed / US NLM,TRUE,TRUE,TRUE,TRUE,TRUE,TRUE,TRUE,FALSE,FALSE,FALSE,FALSE,TRUE,TRUE,WARNING
Telithromycin 400 mg Oral Tablet,382740,Telithromycin,TRUE,FDA DailyMed / US NLM,TRUE,TRUE,TRUE,TRUE,TRUE,TRUE,TRUE,FALSE,FALSE,FALSE,FALSE,TRUE,TRUE,WARNING
Doxycycline 100 mg Oral Capsule,3640,Doxycycline,TRUE,FDA DailyMed / US NLM,TRUE,TRUE,TRUE,TRUE,TRUE,TRUE,TRUE,FALSE,FALSE,FALSE,FALSE,TRUE,TRUE,VALID
Minocycline 100 mg Oral Capsule,6984,Minocycline,TRUE,FDA DailyMed / US NLM,TRUE,TRUE,TRUE,TRUE,TRUE,TRUE,TRUE,FALSE,FALSE,FALSE,FALSE,TRUE,TRUE,WARNING
Tetracycline 250 mg Oral Capsule,10395,Tetracycline,TRUE,FDA DailyMed / US NLM,TRUE,TRUE,TRUE,TRUE,TRUE,TRUE,TRUE,FALSE,FALSE,FALSE,FALSE,TRUE,TRUE,WARNING
Tigecycline 50 mg IV Infusion,608405,Tigecycline,TRUE,FDA DailyMed / US NLM,TRUE,TRUE,TRUE,TRUE,TRUE,TRUE,TRUE,FALSE,FALSE,FALSE,FALSE,TRUE,TRUE,WARNING
Eravacycline 50 mg IV Infusion,2059345,Eravacycline,TRUE,FDA DailyMed / US NLM,TRUE,TRUE,TRUE,TRUE,TRUE,TRUE,TRUE,FALSE,FALSE,FALSE,FALSE,TRUE,TRUE,WARNING
Omadacycline 150 mg Oral/IV,2099712,Omadacycline,TRUE,FDA DailyMed / US NLM,TRUE,TRUE,TRUE,TRUE,TRUE,TRUE,TRUE,FALSE,FALSE,FALSE,FALSE,TRUE,TRUE,WARNING
Metronidazole 500 mg Oral/IV,6922,Metronidazole,TRUE,FDA DailyMed / US NLM,TRUE,TRUE,TRUE,TRUE,TRUE,TRUE,TRUE,FALSE,FALSE,FALSE,FALSE,TRUE,TRUE,VALID
Tinidazole 500 mg Oral Tablet,10621,Tinidazole,TRUE,FDA DailyMed / US NLM,TRUE,TRUE,TRUE,TRUE,TRUE,TRUE,TRUE,FALSE,FALSE,FALSE,FALSE,TRUE,TRUE,WARNING
Clindamycin 300 mg Oral/IV,2582,Clindamycin,TRUE,FDA DailyMed / US NLM,TRUE,TRUE,TRUE,TRUE,TRUE,TRUE,TRUE,FALSE,FALSE,FALSE,FALSE,TRUE,TRUE,VALID
Trimethoprim and Sulfamethoxazole 800-160 mg Oral Tablet (DS),198335,Trimethoprim / Sulfamethoxazole,TRUE,FDA DailyMed / US NLM,TRUE,TRUE,TRUE,TRUE,TRUE,TRUE,TRUE,FALSE,FALSE,FALSE,FALSE,TRUE,TRUE,VALID
Trimethoprim 100 mg Oral Tablet,10829,Trimethoprim,TRUE,FDA DailyMed / US NLM,TRUE,TRUE,TRUE,TRUE,TRUE,TRUE,TRUE,FALSE,FALSE,FALSE,FALSE,TRUE,TRUE,WARNING
Nitrofurantoin 100 mg Oral Capsule,7454,Nitrofurantoin,TRUE,FDA DailyMed / US NLM,TRUE,TRUE,TRUE,TRUE,TRUE,TRUE,TRUE,FALSE,FALSE,FALSE,FALSE,TRUE,TRUE,VALID
Fosfomycin 3 g Oral Sachet,4511,Fosfomycin,TRUE,FDA DailyMed / US NLM,TRUE,TRUE,TRUE,TRUE,TRUE,TRUE,TRUE,FALSE,FALSE,FALSE,FALSE,TRUE,TRUE,VALID
Rifampin 300 mg Oral Capsule,9384,Rifampin,TRUE,FDA DailyMed / US NLM,TRUE,TRUE,TRUE,TRUE,TRUE,TRUE,TRUE,FALSE,FALSE,FALSE,FALSE,TRUE,TRUE,WARNING
Isoniazid 300 mg Oral Tablet,6038,Isoniazid,TRUE,FDA DailyMed / US NLM,TRUE,TRUE,TRUE,TRUE,TRUE,TRUE,TRUE,FALSE,FALSE,FALSE,FALSE,TRUE,TRUE,WARNING
Pyrazinamide 500 mg Oral Tablet,8999,Pyrazinamide,TRUE,FDA DailyMed / US NLM,TRUE,TRUE,TRUE,TRUE,TRUE,TRUE,TRUE,FALSE,FALSE,FALSE,FALSE,TRUE,TRUE,WARNING
Ethambutol 400 mg Oral Tablet,4109,Ethambutol,TRUE,FDA DailyMed / US NLM,TRUE,TRUE,TRUE,TRUE,TRUE,TRUE,TRUE,FALSE,FALSE,FALSE,FALSE,TRUE,TRUE,WARNING
Colistin 150 mg IV/Inhalation,2709,Colistin,TRUE,FDA DailyMed / US NLM,TRUE,TRUE,TRUE,TRUE,TRUE,TRUE,TRUE,FALSE,FALSE,FALSE,FALSE,TRUE,TRUE,WARNING
Paracetamol 650 mg Oral Tablet,161,Paracetamol,TRUE,FDA DailyMed / US NLM,TRUE,TRUE,TRUE,TRUE,TRUE,TRUE,TRUE,FALSE,FALSE,FALSE,FALSE,TRUE,TRUE,VALID
Ibuprofen 400 mg Oral Tablet,5640,Ibuprofen,TRUE,FDA DailyMed / US NLM,TRUE,TRUE,TRUE,TRUE,TRUE,TRUE,TRUE,FALSE,FALSE,FALSE,FALSE,TRUE,TRUE,VALID
Naproxen 500 mg Oral Tablet,7258,Naproxen,TRUE,FDA DailyMed / US NLM,TRUE,TRUE,TRUE,TRUE,TRUE,TRUE,TRUE,FALSE,FALSE,FALSE,FALSE,TRUE,TRUE,VALID
Diclofenac 50 mg Oral Tablet,3355,Diclofenac,TRUE,FDA DailyMed / US NLM,TRUE,TRUE,TRUE,TRUE,TRUE,TRUE,TRUE,FALSE,FALSE,FALSE,FALSE,TRUE,TRUE,VALID
Celecoxib 200 mg Oral Capsule,140587,Celecoxib,TRUE,FDA DailyMed / US NLM,TRUE,TRUE,TRUE,TRUE,TRUE,TRUE,TRUE,FALSE,FALSE,FALSE,FALSE,TRUE,TRUE,VALID
Meloxicam 15 mg Oral Tablet,141962,Meloxicam,TRUE,FDA DailyMed / US NLM,TRUE,TRUE,TRUE,TRUE,TRUE,TRUE,TRUE,FALSE,FALSE,FALSE,FALSE,TRUE,TRUE,VALID
Indomethacin 50 mg Oral Capsule,5776,Indomethacin,TRUE,FDA DailyMed / US NLM,TRUE,TRUE,TRUE,TRUE,TRUE,TRUE,TRUE,FALSE,FALSE,FALSE,FALSE,TRUE,TRUE,VALID
Ketorolac 10 mg Oral/IV,6142,Ketorolac,TRUE,FDA DailyMed / US NLM,TRUE,TRUE,TRUE,TRUE,TRUE,TRUE,TRUE,FALSE,FALSE,FALSE,FALSE,TRUE,TRUE,VALID
Piroxicam 20 mg Oral Capsule,8356,Piroxicam,TRUE,FDA DailyMed / US NLM,TRUE,TRUE,TRUE,TRUE,TRUE,TRUE,TRUE,FALSE,FALSE,FALSE,FALSE,TRUE,TRUE,WARNING
Etodolac 400 mg Oral Tablet,4110,Etodolac,TRUE,FDA DailyMed / US NLM,TRUE,TRUE,TRUE,TRUE,TRUE,TRUE,TRUE,FALSE,FALSE,FALSE,FALSE,TRUE,TRUE,WARNING
Nabumetone 500 mg Oral Tablet,7223,Nabumetone,TRUE,FDA DailyMed / US NLM,TRUE,TRUE,TRUE,TRUE,TRUE,TRUE,TRUE,FALSE,FALSE,FALSE,FALSE,TRUE,TRUE,WARNING
Sulindac 200 mg Oral Tablet,10237,Sulindac,TRUE,FDA DailyMed / US NLM,TRUE,TRUE,TRUE,TRUE,TRUE,TRUE,TRUE,FALSE,FALSE,FALSE,FALSE,TRUE,TRUE,WARNING
Oxaprozin 600 mg Oral Tablet,7785,Oxaprozin,TRUE,FDA DailyMed / US NLM,TRUE,TRUE,TRUE,TRUE,TRUE,TRUE,TRUE,FALSE,FALSE,FALSE,FALSE,TRUE,TRUE,WARNING
Flurbiprofen 100 mg Oral Tablet,4502,Flurbiprofen,TRUE,FDA DailyMed / US NLM,TRUE,TRUE,TRUE,TRUE,TRUE,TRUE,TRUE,FALSE,FALSE,FALSE,FALSE,TRUE,TRUE,WARNING
Mefenamic Acid 500 mg Oral Capsule,6704,Mefenamic Acid,TRUE,FDA DailyMed / US NLM,TRUE,TRUE,TRUE,TRUE,TRUE,TRUE,TRUE,FALSE,FALSE,FALSE,FALSE,TRUE,TRUE,WARNING
Diflunisal 500 mg Oral Tablet,3418,Diflunisal,TRUE,FDA DailyMed / US NLM,TRUE,TRUE,TRUE,TRUE,TRUE,TRUE,TRUE,FALSE,FALSE,FALSE,FALSE,TRUE,TRUE,WARNING
Aspirin 325 mg Oral Tablet,1191,Aspirin,TRUE,FDA DailyMed / US NLM,TRUE,TRUE,TRUE,TRUE,TRUE,TRUE,TRUE,FALSE,FALSE,FALSE,FALSE,TRUE,TRUE,VALID
Tramadol 50 mg Oral Tablet,10689,Tramadol,TRUE,FDA DailyMed / US NLM,TRUE,TRUE,TRUE,TRUE,TRUE,TRUE,TRUE,FALSE,FALSE,FALSE,FALSE,TRUE,TRUE,VALID
Tapentadol 50 mg Oral Tablet,787390,Tapentadol,TRUE,FDA DailyMed / US NLM,TRUE,TRUE,TRUE,TRUE,TRUE,TRUE,TRUE,FALSE,FALSE,FALSE,FALSE,TRUE,TRUE,WARNING
Codeine 30 mg Oral Tablet,2670,Codeine,TRUE,FDA DailyMed / US NLM,TRUE,TRUE,TRUE,TRUE,TRUE,TRUE,TRUE,FALSE,FALSE,FALSE,FALSE,TRUE,TRUE,VALID
Morphine 15 mg Oral Tablet / IV,7052,Morphine,TRUE,FDA DailyMed / US NLM,TRUE,TRUE,TRUE,TRUE,TRUE,TRUE,TRUE,FALSE,FALSE,FALSE,FALSE,TRUE,TRUE,VALID
Oxycodone 10 mg Oral Tablet,7804,Oxycodone,TRUE,FDA DailyMed / US NLM,TRUE,TRUE,TRUE,TRUE,TRUE,TRUE,TRUE,FALSE,FALSE,FALSE,FALSE,TRUE,TRUE,WARNING
Hydrocodone and Acetaminophen 5-325 mg Oral Tablet,856844,Hydrocodone / Acetaminophen,TRUE,FDA DailyMed / US NLM,TRUE,TRUE,TRUE,TRUE,TRUE,TRUE,TRUE,FALSE,FALSE,FALSE,FALSE,TRUE,TRUE,WARNING
Fentanyl 25 mcg/hr Transdermal Patch,4337,Fentanyl,TRUE,FDA DailyMed / US NLM,TRUE,TRUE,TRUE,TRUE,TRUE,TRUE,TRUE,FALSE,FALSE,FALSE,FALSE,TRUE,TRUE,WARNING
Hydromorphone 2 mg Oral Tablet / IV,3423,Hydromorphone,TRUE,FDA DailyMed / US NLM,TRUE,TRUE,TRUE,TRUE,TRUE,TRUE,TRUE,FALSE,FALSE,FALSE,FALSE,TRUE,TRUE,WARNING
Oxymorphone 5 mg Oral Tablet,7812,Oxymorphone,TRUE,FDA DailyMed / US NLM,TRUE,TRUE,TRUE,TRUE,TRUE,TRUE,TRUE,FALSE,FALSE,FALSE,FALSE,TRUE,TRUE,WARNING
Methadone 10 mg Oral Tablet,6813,Methadone,TRUE,FDA DailyMed / US NLM,TRUE,TRUE,TRUE,TRUE,TRUE,TRUE,TRUE,FALSE,FALSE,FALSE,FALSE,TRUE,TRUE,WARNING
Buprenorphine 2 mg Sublingual Tablet,1819,Buprenorphine,TRUE,FDA DailyMed / US NLM,TRUE,TRUE,TRUE,TRUE,TRUE,TRUE,TRUE,FALSE,FALSE,FALSE,FALSE,TRUE,TRUE,WARNING
Buprenorphine and Naloxone 8-2 mg Sublingual Film,358263,Buprenorphine / Naloxone,TRUE,FDA DailyMed / US NLM,TRUE,TRUE,TRUE,TRUE,TRUE,TRUE,TRUE,FALSE,FALSE,FALSE,FALSE,TRUE,TRUE,WARNING
Naloxone 4 mg Nasal Spray,7242,Naloxone,TRUE,FDA DailyMed / US NLM,TRUE,TRUE,TRUE,TRUE,TRUE,TRUE,TRUE,FALSE,FALSE,FALSE,FALSE,TRUE,TRUE,VALID
Naltrexone 50 mg Oral Tablet,7243,Naltrexone,TRUE,FDA DailyMed / US NLM,TRUE,TRUE,TRUE,TRUE,TRUE,TRUE,TRUE,FALSE,FALSE,FALSE,FALSE,TRUE,TRUE,WARNING
Butorphanol 2 mg/ml Nasal Spray / IV,1841,Butorphanol,TRUE,FDA DailyMed / US NLM,TRUE,TRUE,TRUE,TRUE,TRUE,TRUE,TRUE,FALSE,FALSE,FALSE,FALSE,TRUE,TRUE,WARNING
Pentazocine 50 mg Oral/IM,8013,Pentazocine,TRUE,FDA DailyMed / US NLM,TRUE,TRUE,TRUE,TRUE,TRUE,TRUE,TRUE,FALSE,FALSE,FALSE,FALSE,TRUE,TRUE,WARNING
Meperidine 50 mg Oral/IV,6754,Meperidine,TRUE,FDA DailyMed / US NLM,TRUE,TRUE,TRUE,TRUE,TRUE,TRUE,TRUE,FALSE,FALSE,FALSE,FALSE,TRUE,TRUE,WARNING
Baclofen 10 mg Oral Tablet,1292,Baclofen,TRUE,FDA DailyMed / US NLM,TRUE,TRUE,TRUE,TRUE,TRUE,TRUE,TRUE,FALSE,FALSE,FALSE,FALSE,TRUE,TRUE,WARNING
Tizanidine 4 mg Oral Tablet,38454,Tizanidine,TRUE,FDA DailyMed / US NLM,TRUE,TRUE,TRUE,TRUE,TRUE,TRUE,TRUE,FALSE,FALSE,FALSE,FALSE,TRUE,TRUE,WARNING
Cyclobenzaprine 10 mg Oral Tablet,3008,Cyclobenzaprine,TRUE,FDA DailyMed / US NLM,TRUE,TRUE,TRUE,TRUE,TRUE,TRUE,TRUE,FALSE,FALSE,FALSE,FALSE,TRUE,TRUE,WARNING
Methocarbamol 750 mg Oral Tablet,6845,Methocarbamol,TRUE,FDA DailyMed / US NLM,TRUE,TRUE,TRUE,TRUE,TRUE,TRUE,TRUE,FALSE,FALSE,FALSE,FALSE,TRUE,TRUE,WARNING
Carisoprodol 350 mg Oral Tablet,2101,Carisoprodol,TRUE,FDA DailyMed / US NLM,TRUE,TRUE,TRUE,TRUE,TRUE,TRUE,TRUE,FALSE,FALSE,FALSE,FALSE,TRUE,TRUE,WARNING
Metaxalone 800 mg Oral Tablet,6835,Metaxalone,TRUE,FDA DailyMed / US NLM,TRUE,TRUE,TRUE,TRUE,TRUE,TRUE,TRUE,FALSE,FALSE,FALSE,FALSE,TRUE,TRUE,WARNING
Orphenadrine 100 mg Oral Tablet,7715,Orphenadrine,TRUE,FDA DailyMed / US NLM,TRUE,TRUE,TRUE,TRUE,TRUE,TRUE,TRUE,FALSE,FALSE,FALSE,FALSE,TRUE,TRUE,WARNING
Chlorzoxazone 500 mg Oral Tablet,2403,Chlorzoxazone,TRUE,FDA DailyMed / US NLM,TRUE,TRUE,TRUE,TRUE,TRUE,TRUE,TRUE,FALSE,FALSE,FALSE,FALSE,TRUE,TRUE,WARNING
Dantrolene 50 mg Oral/IV,3108,Dantrolene,TRUE,FDA DailyMed / US NLM,TRUE,TRUE,TRUE,TRUE,TRUE,TRUE,TRUE,FALSE,FALSE,FALSE,FALSE,TRUE,TRUE,WARNING
Capsaicin 0.025 % Topical Cream,2053,Capsaicin,TRUE,FDA DailyMed / US NLM,TRUE,TRUE,TRUE,TRUE,TRUE,TRUE,TRUE,FALSE,FALSE,FALSE,FALSE,TRUE,TRUE,WARNING
Lidocaine 5 % Topical Patch,6387,Lidocaine,TRUE,FDA DailyMed / US NLM,TRUE,TRUE,TRUE,TRUE,TRUE,TRUE,TRUE,FALSE,FALSE,FALSE,FALSE,TRUE,TRUE,VALID
Ketamine 50 mg IV/IM,6130,Ketamine,TRUE,FDA DailyMed / US NLM,TRUE,TRUE,TRUE,TRUE,TRUE,TRUE,TRUE,FALSE,FALSE,FALSE,FALSE,TRUE,TRUE,WARNING
Pregabalin 75 mg Oral Capsule,187832,Pregabalin,TRUE,FDA DailyMed / US NLM,TRUE,TRUE,TRUE,TRUE,TRUE,TRUE,TRUE,FALSE,FALSE,FALSE,FALSE,TRUE,TRUE,WARNING
Gabapentin 300 mg Oral Capsule,25480,Gabapentin,TRUE,FDA DailyMed / US NLM,TRUE,TRUE,TRUE,TRUE,TRUE,TRUE,TRUE,FALSE,FALSE,FALSE,FALSE,TRUE,TRUE,WARNING
Lisinopril 10 mg Oral Tablet,29046,Lisinopril,TRUE,FDA DailyMed / US NLM,TRUE,TRUE,TRUE,TRUE,TRUE,TRUE,TRUE,FALSE,FALSE,FALSE,FALSE,TRUE,TRUE,VALID
Enalapril 10 mg Oral Tablet,3827,Enalapril,TRUE,FDA DailyMed / US NLM,TRUE,TRUE,TRUE,TRUE,TRUE,TRUE,TRUE,FALSE,FALSE,FALSE,FALSE,TRUE,TRUE,WARNING
Ramipril 5 mg Oral Capsule,35296,Ramipril,TRUE,FDA DailyMed / US NLM,TRUE,TRUE,TRUE,TRUE,TRUE,TRUE,TRUE,FALSE,FALSE,FALSE,FALSE,TRUE,TRUE,WARNING
Captopril 25 mg Oral Tablet,1998,Captopril,TRUE,FDA DailyMed / US NLM,TRUE,TRUE,TRUE,TRUE,TRUE,TRUE,TRUE,FALSE,FALSE,FALSE,FALSE,TRUE,TRUE,WARNING
Benazepril 10 mg Oral Tablet,1369,Benazepril,TRUE,FDA DailyMed / US NLM,TRUE,TRUE,TRUE,TRUE,TRUE,TRUE,TRUE,FALSE,FALSE,FALSE,FALSE,TRUE,TRUE,WARNING
Quinapril 20 mg Oral Tablet,9073,Quinapril,TRUE,FDA DailyMed / US NLM,TRUE,TRUE,TRUE,TRUE,TRUE,TRUE,TRUE,FALSE,FALSE,FALSE,FALSE,TRUE,TRUE,WARNING
Fosinopril 20 mg Oral Tablet,4512,Fosinopril,TRUE,FDA DailyMed / US NLM,TRUE,TRUE,TRUE,TRUE,TRUE,TRUE,TRUE,FALSE,FALSE,FALSE,FALSE,TRUE,TRUE,WARNING
Perindopril 4 mg Oral Tablet,8058,Perindopril,TRUE,FDA DailyMed / US NLM,TRUE,TRUE,TRUE,TRUE,TRUE,TRUE,TRUE,FALSE,FALSE,FALSE,FALSE,TRUE,TRUE,WARNING
Moexipril 7.5 mg Oral Tablet,6990,Moexipril,TRUE,FDA DailyMed / US NLM,TRUE,TRUE,TRUE,TRUE,TRUE,TRUE,TRUE,FALSE,FALSE,FALSE,FALSE,TRUE,TRUE,WARNING
Trandolapril 2 mg Oral Tablet,38404,Trandolapril,TRUE,FDA DailyMed / US NLM,TRUE,TRUE,TRUE,TRUE,TRUE,TRUE,TRUE,FALSE,FALSE,FALSE,FALSE,TRUE,TRUE,WARNING
Losartan 50 mg Oral Tablet,52175,Losartan,TRUE,FDA DailyMed / US NLM,TRUE,TRUE,TRUE,TRUE,TRUE,TRUE,TRUE,FALSE,FALSE,FALSE,FALSE,TRUE,TRUE,VALID
Valsartan 80 mg Oral Tablet,69749,Valsartan,TRUE,FDA DailyMed / US NLM,TRUE,TRUE,TRUE,TRUE,TRUE,TRUE,TRUE,FALSE,FALSE,FALSE,FALSE,TRUE,TRUE,WARNING
Telmisartan 40 mg Oral Tablet,314164,Telmisartan,TRUE,FDA DailyMed / US NLM,TRUE,TRUE,TRUE,TRUE,TRUE,TRUE,TRUE,FALSE,FALSE,FALSE,FALSE,TRUE,TRUE,WARNING
Candesartan 16 mg Oral Tablet,214354,Candesartan,TRUE,FDA DailyMed / US NLM,TRUE,TRUE,TRUE,TRUE,TRUE,TRUE,TRUE,FALSE,FALSE,FALSE,FALSE,TRUE,TRUE,WARNING
Olmesartan 20 mg Oral Tablet,341248,Olmesartan,TRUE,FDA DailyMed / US NLM,TRUE,TRUE,TRUE,TRUE,TRUE,TRUE,TRUE,FALSE,FALSE,FALSE,FALSE,TRUE,TRUE,WARNING
Irbesartan 150 mg Oral Tablet,83515,Irbesartan,TRUE,FDA DailyMed / US NLM,TRUE,TRUE,TRUE,TRUE,TRUE,TRUE,TRUE,FALSE,FALSE,FALSE,FALSE,TRUE,TRUE,WARNING
Eprosartan 600 mg Oral Tablet,83514,Eprosartan,TRUE,FDA DailyMed / US NLM,TRUE,TRUE,TRUE,TRUE,TRUE,TRUE,TRUE,FALSE,FALSE,FALSE,FALSE,TRUE,TRUE,WARNING
Azilsartan 40 mg Oral Tablet,1091383,Azilsartan,TRUE,FDA DailyMed / US NLM,TRUE,TRUE,TRUE,TRUE,TRUE,TRUE,TRUE,FALSE,FALSE,FALSE,FALSE,TRUE,TRUE,WARNING
Sacubitril and Valsartan 49-51 mg Oral Tablet,1656328,Sacubitril / Valsartan,TRUE,FDA DailyMed / US NLM,TRUE,TRUE,TRUE,TRUE,TRUE,TRUE,TRUE,FALSE,FALSE,FALSE,FALSE,TRUE,TRUE,VALID
Amlodipine 5 mg Oral Tablet,17767,Amlodipine,TRUE,FDA DailyMed / US NLM,TRUE,TRUE,TRUE,TRUE,TRUE,TRUE,TRUE,FALSE,FALSE,FALSE,FALSE,TRUE,TRUE,VALID
Nifedipine 30 mg Oral Tablet (ER),7417,Nifedipine,TRUE,FDA DailyMed / US NLM,TRUE,TRUE,TRUE,TRUE,TRUE,TRUE,TRUE,FALSE,FALSE,FALSE,FALSE,TRUE,TRUE,VALID
Felodipine 5 mg Oral Tablet (ER),4316,Felodipine,TRUE,FDA DailyMed / US NLM,TRUE,TRUE,TRUE,TRUE,TRUE,TRUE,TRUE,FALSE,FALSE,FALSE,FALSE,TRUE,TRUE,WARNING
Isradipine 5 mg Oral Capsule,6054,Isradipine,TRUE,FDA DailyMed / US NLM,TRUE,TRUE,TRUE,TRUE,TRUE,TRUE,TRUE,FALSE,FALSE,FALSE,FALSE,TRUE,TRUE,WARNING
Nicardipine 20 mg Oral/IV,7396,Nicardipine,TRUE,FDA DailyMed / US NLM,TRUE,TRUE,TRUE,TRUE,TRUE,TRUE,TRUE,FALSE,FALSE,FALSE,FALSE,TRUE,TRUE,WARNING
Nisoldipine 17 mg Oral Tablet (ER),7435,Nisoldipine,TRUE,FDA DailyMed / US NLM,TRUE,TRUE,TRUE,TRUE,TRUE,TRUE,TRUE,FALSE,FALSE,FALSE,FALSE,TRUE,TRUE,WARNING
Clevidipine 0.5 mg/ml IV Lipid Emulsion,724910,Clevidipine,TRUE,FDA DailyMed / US NLM,TRUE,TRUE,TRUE,TRUE,TRUE,TRUE,TRUE,FALSE,FALSE,FALSE,FALSE,TRUE,TRUE,WARNING
Diltiazem 120 mg Oral/IV,3443,Diltiazem,TRUE,FDA DailyMed / US NLM,TRUE,TRUE,TRUE,TRUE,TRUE,TRUE,TRUE,FALSE,FALSE,FALSE,FALSE,TRUE,TRUE,WARNING
Verapamil 80 mg Oral/IV,11170,Verapamil,TRUE,FDA DailyMed / US NLM,TRUE,TRUE,TRUE,TRUE,TRUE,TRUE,TRUE,FALSE,FALSE,FALSE,FALSE,TRUE,TRUE,WARNING
Metoprolol Tartrate 50 mg Oral Tablet / IV,6918,Metoprolol Tartrate,TRUE,FDA DailyMed / US NLM,TRUE,TRUE,TRUE,TRUE,TRUE,TRUE,TRUE,FALSE,FALSE,FALSE,FALSE,TRUE,TRUE,WARNING
Metoprolol Succinate 50 mg Oral Tablet (ER),866416,Metoprolol Succinate,TRUE,FDA DailyMed / US NLM,TRUE,TRUE,TRUE,TRUE,TRUE,TRUE,TRUE,FALSE,FALSE,FALSE,FALSE,TRUE,TRUE,VALID
Atenolol 50 mg Oral Tablet,1202,Atenolol,TRUE,FDA DailyMed / US NLM,TRUE,TRUE,TRUE,TRUE,TRUE,TRUE,TRUE,FALSE,FALSE,FALSE,FALSE,TRUE,TRUE,VALID
Bisoprolol 5 mg Oral Tablet,1605,Bisoprolol,TRUE,FDA DailyMed / US NLM,TRUE,TRUE,TRUE,TRUE,TRUE,TRUE,TRUE,FALSE,FALSE,FALSE,FALSE,TRUE,TRUE,WARNING
Carvedilol 25 mg Oral Tablet,20352,Carvedilol,TRUE,FDA DailyMed / US NLM,TRUE,TRUE,TRUE,TRUE,TRUE,TRUE,TRUE,FALSE,FALSE,FALSE,FALSE,TRUE,TRUE,WARNING
Labetalol 200 mg Oral/IV,6206,Labetalol,TRUE,FDA DailyMed / US NLM,TRUE,TRUE,TRUE,TRUE,TRUE,TRUE,TRUE,FALSE,FALSE,FALSE,FALSE,TRUE,TRUE,VALID
Propranolol 40 mg Oral Tablet / IV,8787,Propranolol,TRUE,FDA DailyMed / US NLM,TRUE,TRUE,TRUE,TRUE,TRUE,TRUE,TRUE,FALSE,FALSE,FALSE,FALSE,TRUE,TRUE,WARNING
Nebivolol 5 mg Oral Tablet,35628,Nebivolol,TRUE,FDA DailyMed / US NLM,TRUE,TRUE,TRUE,TRUE,TRUE,TRUE,TRUE,FALSE,FALSE,FALSE,FALSE,TRUE,TRUE,WARNING
Nadolol 40 mg Oral Tablet,7226,Nadolol,TRUE,FDA DailyMed / US NLM,TRUE,TRUE,TRUE,TRUE,TRUE,TRUE,TRUE,FALSE,FALSE,FALSE,FALSE,TRUE,TRUE,WARNING
Timolol 10 mg Oral Tablet,10600,Timolol,TRUE,FDA DailyMed / US NLM,TRUE,TRUE,TRUE,TRUE,TRUE,TRUE,TRUE,FALSE,FALSE,FALSE,FALSE,TRUE,TRUE,WARNING
Pindolol 5 mg Oral Tablet,8344,Pindolol,TRUE,FDA DailyMed / US NLM,TRUE,TRUE,TRUE,TRUE,TRUE,TRUE,TRUE,FALSE,FALSE,FALSE,FALSE,TRUE,TRUE,WARNING
Acebutolol 200 mg Oral Capsule,154,Acebutolol,TRUE,FDA DailyMed / US NLM,TRUE,TRUE,TRUE,TRUE,TRUE,TRUE,TRUE,FALSE,FALSE,FALSE,FALSE,TRUE,TRUE,WARNING
Esmolol 100 mg IV Infusion,4057,Esmolol,TRUE,FDA DailyMed / US NLM,TRUE,TRUE,TRUE,TRUE,TRUE,TRUE,TRUE,FALSE,FALSE,FALSE,FALSE,TRUE,TRUE,WARNING
Hydrochlorothiazide 25 mg Oral Tablet,5487,Hydrochlorothiazide,TRUE,FDA DailyMed / US NLM,TRUE,TRUE,TRUE,TRUE,TRUE,TRUE,TRUE,FALSE,FALSE,FALSE,FALSE,TRUE,TRUE,VALID
Chlorthalidone 25 mg Oral Tablet,2404,Chlorthalidone,TRUE,FDA DailyMed / US NLM,TRUE,TRUE,TRUE,TRUE,TRUE,TRUE,TRUE,FALSE,FALSE,FALSE,FALSE,TRUE,TRUE,WARNING
Indapamide 2.5 mg Oral Tablet,5764,Indapamide,TRUE,FDA DailyMed / US NLM,TRUE,TRUE,TRUE,TRUE,TRUE,TRUE,TRUE,FALSE,FALSE,FALSE,FALSE,TRUE,TRUE,WARNING
Metolazone 5 mg Oral Tablet,6916,Metolazone,TRUE,FDA DailyMed / US NLM,TRUE,TRUE,TRUE,TRUE,TRUE,TRUE,TRUE,FALSE,FALSE,FALSE,FALSE,TRUE,TRUE,WARNING
Furosemide 40 mg Oral/IV,4603,Furosemide,TRUE,FDA DailyMed / US NLM,TRUE,TRUE,TRUE,TRUE,TRUE,TRUE,TRUE,FALSE,FALSE,FALSE,FALSE,TRUE,TRUE,VALID
Torsemide 20 mg Oral/IV,38413,Torsemide,TRUE,FDA DailyMed / US NLM,TRUE,TRUE,TRUE,TRUE,TRUE,TRUE,TRUE,FALSE,FALSE,FALSE,FALSE,TRUE,TRUE,WARNING
Bumetanide 1 mg Oral/IV,1808,Bumetanide,TRUE,FDA DailyMed / US NLM,TRUE,TRUE,TRUE,TRUE,TRUE,TRUE,TRUE,FALSE,FALSE,FALSE,FALSE,TRUE,TRUE,WARNING
Ethacrynic Acid 25 mg Oral/IV,4103,Ethacrynic Acid,TRUE,FDA DailyMed / US NLM,TRUE,TRUE,TRUE,TRUE,TRUE,TRUE,TRUE,FALSE,FALSE,FALSE,FALSE,TRUE,TRUE,VALID
Spironolactone 25 mg Oral Tablet,9997,Spironolactone,TRUE,FDA DailyMed / US NLM,TRUE,TRUE,TRUE,TRUE,TRUE,TRUE,TRUE,FALSE,FALSE,FALSE,FALSE,TRUE,TRUE,VALID
Eplerenone 50 mg Oral Tablet,298561,Eplerenone,TRUE,FDA DailyMed / US NLM,TRUE,TRUE,TRUE,TRUE,TRUE,TRUE,TRUE,FALSE,FALSE,FALSE,FALSE,TRUE,TRUE,WARNING
Triamterene 50 mg Oral Capsule,10763,Triamterene,TRUE,FDA DailyMed / US NLM,TRUE,TRUE,TRUE,TRUE,TRUE,TRUE,TRUE,FALSE,FALSE,FALSE,FALSE,TRUE,TRUE,WARNING
Amiloride 5 mg Oral Tablet,644,Amiloride,TRUE,FDA DailyMed / US NLM,TRUE,TRUE,TRUE,TRUE,TRUE,TRUE,TRUE,FALSE,FALSE,FALSE,FALSE,TRUE,TRUE,VALID
Digoxin 0.25 mg Oral/IV,3407,Digoxin,TRUE,FDA DailyMed / US NLM,TRUE,TRUE,TRUE,TRUE,TRUE,TRUE,TRUE,FALSE,FALSE,FALSE,FALSE,TRUE,TRUE,VALID
Amiodarone 200 mg Oral/IV,703,Amiodarone,TRUE,FDA DailyMed / US NLM,TRUE,TRUE,TRUE,TRUE,TRUE,TRUE,TRUE,FALSE,FALSE,FALSE,FALSE,TRUE,TRUE,VALID
Dronedarone 400 mg Oral Tablet,848243,Dronedarone,TRUE,FDA DailyMed / US NLM,TRUE,TRUE,TRUE,TRUE,TRUE,TRUE,TRUE,FALSE,FALSE,FALSE,FALSE,TRUE,TRUE,VALID
Sotalol 80 mg Oral/IV,9947,Sotalol,TRUE,FDA DailyMed / US NLM,TRUE,TRUE,TRUE,TRUE,TRUE,TRUE,TRUE,FALSE,FALSE,FALSE,FALSE,TRUE,TRUE,VALID
Flecainide 100 mg Oral Tablet,4447,Flecainide,TRUE,FDA DailyMed / US NLM,TRUE,TRUE,TRUE,TRUE,TRUE,TRUE,TRUE,FALSE,FALSE,FALSE,FALSE,TRUE,TRUE,WARNING
Propafenone 150 mg Oral Tablet,8703,Propafenone,TRUE,FDA DailyMed / US NLM,TRUE,TRUE,TRUE,TRUE,TRUE,TRUE,TRUE,FALSE,FALSE,FALSE,FALSE,TRUE,TRUE,WARNING
Dofetilide 500 mcg Oral Capsule,221151,Dofetilide,TRUE,FDA DailyMed / US NLM,TRUE,TRUE,TRUE,TRUE,TRUE,TRUE,TRUE,FALSE,FALSE,FALSE,FALSE,TRUE,TRUE,WARNING
Ibutilide 1 mg IV Infusion,25838,Ibutilide,TRUE,FDA DailyMed / US NLM,TRUE,TRUE,TRUE,TRUE,TRUE,TRUE,TRUE,FALSE,FALSE,FALSE,FALSE,TRUE,TRUE,WARNING
Procainamide 250 mg Oral/IV,8640,Procainamide,TRUE,FDA DailyMed / US NLM,TRUE,TRUE,TRUE,TRUE,TRUE,TRUE,TRUE,FALSE,FALSE,FALSE,FALSE,TRUE,TRUE,WARNING
Quinidine 200 mg Oral/IV,9068,Quinidine,TRUE,FDA DailyMed / US NLM,TRUE,TRUE,TRUE,TRUE,TRUE,TRUE,TRUE,FALSE,FALSE,FALSE,FALSE,TRUE,TRUE,WARNING
Disopyramide 100 mg Oral Capsule,3504,Disopyramide,TRUE,FDA DailyMed / US NLM,TRUE,TRUE,TRUE,TRUE,TRUE,TRUE,TRUE,FALSE,FALSE,FALSE,FALSE,TRUE,TRUE,WARNING
Mexiletine 150 mg Oral Capsule,6942,Mexiletine,TRUE,FDA DailyMed / US NLM,TRUE,TRUE,TRUE,TRUE,TRUE,TRUE,TRUE,FALSE,FALSE,FALSE,FALSE,TRUE,TRUE,WARNING
Adenosine 6 mg/2ml Rapid IV Push,296,Adenosine,TRUE,FDA DailyMed / US NLM,TRUE,TRUE,TRUE,TRUE,TRUE,TRUE,TRUE,FALSE,FALSE,FALSE,FALSE,TRUE,TRUE,VALID
Clonidine 0.1 mg Oral Tablet / Transdermal,2599,Clonidine,TRUE,FDA DailyMed / US NLM,TRUE,TRUE,TRUE,TRUE,TRUE,TRUE,TRUE,FALSE,FALSE,FALSE,FALSE,TRUE,TRUE,WARNING
Guanfacine 1 mg Oral Tablet,5032,Guanfacine,TRUE,FDA DailyMed / US NLM,TRUE,TRUE,TRUE,TRUE,TRUE,TRUE,TRUE,FALSE,FALSE,FALSE,FALSE,TRUE,TRUE,WARNING
Methyldopa 250 mg Oral Tablet,6876,Methyldopa,TRUE,FDA DailyMed / US NLM,TRUE,TRUE,TRUE,TRUE,TRUE,TRUE,TRUE,FALSE,FALSE,FALSE,FALSE,TRUE,TRUE,VALID
Doxazosin 2 mg Oral Tablet,3616,Doxazosin,TRUE,FDA DailyMed / US NLM,TRUE,TRUE,TRUE,TRUE,TRUE,TRUE,TRUE,FALSE,FALSE,FALSE,FALSE,TRUE,TRUE,WARNING
Prazosin 1 mg Oral Capsule,8600,Prazosin,TRUE,FDA DailyMed / US NLM,TRUE,TRUE,TRUE,TRUE,TRUE,TRUE,TRUE,FALSE,FALSE,FALSE,FALSE,TRUE,TRUE,WARNING
Terazosin 2 mg Oral Capsule,10379,Terazosin,TRUE,FDA DailyMed / US NLM,TRUE,TRUE,TRUE,TRUE,TRUE,TRUE,TRUE,FALSE,FALSE,FALSE,FALSE,TRUE,TRUE,WARNING
Hydralazine 25 mg Oral/IV,5457,Hydralazine,TRUE,FDA DailyMed / US NLM,TRUE,TRUE,TRUE,TRUE,TRUE,TRUE,TRUE,FALSE,FALSE,FALSE,FALSE,TRUE,TRUE,VALID
Minoxidil 10 mg Oral Tablet,6992,Minoxidil,TRUE,FDA DailyMed / US NLM,TRUE,TRUE,TRUE,TRUE,TRUE,TRUE,TRUE,FALSE,FALSE,FALSE,FALSE,TRUE,TRUE,WARNING
Isosorbide Mononitrate 30 mg Oral Tablet (ER),6056,Isosorbide Mononitrate,TRUE,FDA DailyMed / US NLM,TRUE,TRUE,TRUE,TRUE,TRUE,TRUE,TRUE,FALSE,FALSE,FALSE,FALSE,TRUE,TRUE,WARNING
Isosorbide Dinitrate 20 mg Oral Tablet,6055,Isosorbide Dinitrate,TRUE,FDA DailyMed / US NLM,TRUE,TRUE,TRUE,TRUE,TRUE,TRUE,TRUE,FALSE,FALSE,FALSE,FALSE,TRUE,TRUE,WARNING
Nitroglycerin 0.4 mg Sublingual Tablet / Spray / IV,7434,Nitroglycerin,TRUE,FDA DailyMed / US NLM,TRUE,TRUE,TRUE,TRUE,TRUE,TRUE,TRUE,FALSE,FALSE,FALSE,FALSE,TRUE,TRUE,WARNING
Metformin 500 mg Oral Tablet,860975,Metformin,TRUE,FDA DailyMed / US NLM,TRUE,TRUE,TRUE,TRUE,TRUE,TRUE,TRUE,FALSE,FALSE,FALSE,FALSE,TRUE,TRUE,VALID
Glimepiride 2 mg Oral Tablet,25789,Glimepiride,TRUE,FDA DailyMed / US NLM,TRUE,TRUE,TRUE,TRUE,TRUE,TRUE,TRUE,FALSE,FALSE,FALSE,FALSE,TRUE,TRUE,VALID
Glipizide 5 mg Oral Tablet,4821,Glipizide,TRUE,FDA DailyMed / US NLM,TRUE,TRUE,TRUE,TRUE,TRUE,TRUE,TRUE,FALSE,FALSE,FALSE,FALSE,TRUE,TRUE,WARNING
Gliclazide 80 mg Oral Tablet,4815,Gliclazide,TRUE,FDA DailyMed / US NLM,TRUE,TRUE,TRUE,TRUE,TRUE,TRUE,TRUE,FALSE,FALSE,FALSE,FALSE,TRUE,TRUE,WARNING
Glyburide 5 mg Oral Tablet,4815,Glyburide,TRUE,FDA DailyMed / US NLM,TRUE,TRUE,TRUE,TRUE,TRUE,TRUE,TRUE,FALSE,FALSE,FALSE,FALSE,TRUE,TRUE,WARNING
Repaglinide 1 mg Oral Tablet,73074,Repaglinide,TRUE,FDA DailyMed / US NLM,TRUE,TRUE,TRUE,TRUE,TRUE,TRUE,TRUE,FALSE,FALSE,FALSE,FALSE,TRUE,TRUE,WARNING
Nateglinide 120 mg Oral Tablet,31565,Nateglinide,TRUE,FDA DailyMed / US NLM,TRUE,TRUE,TRUE,TRUE,TRUE,TRUE,TRUE,FALSE,FALSE,FALSE,FALSE,TRUE,TRUE,WARNING
Pioglitazone 15 mg Oral Tablet,33738,Pioglitazone,TRUE,FDA DailyMed / US NLM,TRUE,TRUE,TRUE,TRUE,TRUE,TRUE,TRUE,FALSE,FALSE,FALSE,FALSE,TRUE,TRUE,VALID
Rosiglitazone 4 mg Oral Tablet,84108,Rosiglitazone,TRUE,FDA DailyMed / US NLM,TRUE,TRUE,TRUE,TRUE,TRUE,TRUE,TRUE,FALSE,FALSE,FALSE,FALSE,TRUE,TRUE,WARNING
Sitagliptin 100 mg Oral Tablet,593411,Sitagliptin,TRUE,FDA DailyMed / US NLM,TRUE,TRUE,TRUE,TRUE,TRUE,TRUE,TRUE,FALSE,FALSE,FALSE,FALSE,TRUE,TRUE,VALID
Linagliptin 5 mg Oral Tablet,1114195,Linagliptin,TRUE,FDA DailyMed / US NLM,TRUE,TRUE,TRUE,TRUE,TRUE,TRUE,TRUE,FALSE,FALSE,FALSE,FALSE,TRUE,TRUE,VALID
Saxagliptin 5 mg Oral Tablet,855332,Saxagliptin,TRUE,FDA DailyMed / US NLM,TRUE,TRUE,TRUE,TRUE,TRUE,TRUE,TRUE,FALSE,FALSE,FALSE,FALSE,TRUE,TRUE,WARNING
Alogliptin 25 mg Oral Tablet,1368003,Alogliptin,TRUE,FDA DailyMed / US NLM,TRUE,TRUE,TRUE,TRUE,TRUE,TRUE,TRUE,FALSE,FALSE,FALSE,FALSE,TRUE,TRUE,WARNING
Vildagliptin 50 mg Oral Tablet,384454,Vildagliptin,TRUE,FDA DailyMed / US NLM,TRUE,TRUE,TRUE,TRUE,TRUE,TRUE,TRUE,FALSE,FALSE,FALSE,FALSE,TRUE,TRUE,WARNING
Empagliflozin 10 mg Oral Tablet,1545653,Empagliflozin,TRUE,FDA DailyMed / US NLM,TRUE,TRUE,TRUE,TRUE,TRUE,TRUE,TRUE,FALSE,FALSE,FALSE,FALSE,TRUE,TRUE,VALID
Dapagliflozin 10 mg Oral Tablet,1488564,Dapagliflozin,TRUE,FDA DailyMed / US NLM,TRUE,TRUE,TRUE,TRUE,TRUE,TRUE,TRUE,FALSE,FALSE,FALSE,FALSE,TRUE,TRUE,VALID
Canagliflozin 100 mg Oral Tablet,1373458,Canagliflozin,TRUE,FDA DailyMed / US NLM,TRUE,TRUE,TRUE,TRUE,TRUE,TRUE,TRUE,FALSE,FALSE,FALSE,FALSE,TRUE,TRUE,WARNING
Ertugliflozin 5 mg Oral Tablet,1992672,Ertugliflozin,TRUE,FDA DailyMed / US NLM,TRUE,TRUE,TRUE,TRUE,TRUE,TRUE,TRUE,FALSE,FALSE,FALSE,FALSE,TRUE,TRUE,WARNING
Semaglutide 0.5 mg SC Injection / Oral Tablet,1991302,Semaglutide,TRUE,FDA DailyMed / US NLM,TRUE,TRUE,TRUE,TRUE,TRUE,TRUE,TRUE,FALSE,FALSE,FALSE,FALSE,TRUE,TRUE,VALID
Liraglutide 1.2 mg SC Injection,897122,Liraglutide,TRUE,FDA DailyMed / US NLM,TRUE,TRUE,TRUE,TRUE,TRUE,TRUE,TRUE,FALSE,FALSE,FALSE,FALSE,TRUE,TRUE,VALID
Dulaglutide 0.75 mg SC Injection,1551291,Dulaglutide,TRUE,FDA DailyMed / US NLM,TRUE,TRUE,TRUE,TRUE,TRUE,TRUE,TRUE,FALSE,FALSE,FALSE,FALSE,TRUE,TRUE,VALID
Exenatide 5 mcg SC Injection,60548,Exenatide,TRUE,FDA DailyMed / US NLM,TRUE,TRUE,TRUE,TRUE,TRUE,TRUE,TRUE,FALSE,FALSE,FALSE,FALSE,TRUE,TRUE,WARNING
Lixisenatide 20 mcg SC Injection,1370868,Lixisenatide,TRUE,FDA DailyMed / US NLM,TRUE,TRUE,TRUE,TRUE,TRUE,TRUE,TRUE,FALSE,FALSE,FALSE,FALSE,TRUE,TRUE,WARNING
Tirzepatide 5 mg SC Injection,2601735,Tirzepatide,TRUE,FDA DailyMed / US NLM,TRUE,TRUE,TRUE,TRUE,TRUE,TRUE,TRUE,FALSE,FALSE,FALSE,FALSE,TRUE,TRUE,VALID
Insulin Regular Human 100 units/ml SC / IV Injection,274783,Insulin Regular Human,TRUE,FDA DailyMed / US NLM,TRUE,TRUE,TRUE,TRUE,TRUE,TRUE,TRUE,FALSE,FALSE,FALSE,FALSE,TRUE,TRUE,VALID
Insulin NPH 100 units/ml SC Injection,274784,Insulin NPH,TRUE,FDA DailyMed / US NLM,TRUE,TRUE,TRUE,TRUE,TRUE,TRUE,TRUE,FALSE,FALSE,FALSE,FALSE,TRUE,TRUE,VALID
Insulin Glargine 100 units/ml SC Injection,274785,Insulin Glargine,TRUE,FDA DailyMed / US NLM,TRUE,TRUE,TRUE,TRUE,TRUE,TRUE,TRUE,FALSE,FALSE,FALSE,FALSE,TRUE,TRUE,VALID
Insulin Lispro 100 units/ml SC / IV,865098,Insulin Lispro,TRUE,FDA DailyMed / US NLM,TRUE,TRUE,TRUE,TRUE,TRUE,TRUE,TRUE,FALSE,FALSE,FALSE,FALSE,TRUE,TRUE,WARNING
Insulin Aspart 100 units/ml SC / IV,260258,Insulin Aspart,TRUE,FDA DailyMed / US NLM,TRUE,TRUE,TRUE,TRUE,TRUE,TRUE,TRUE,FALSE,FALSE,FALSE,FALSE,TRUE,TRUE,WARNING
Insulin Detemir 100 units/ml SC Injection,516382,Insulin Detemir,TRUE,FDA DailyMed / US NLM,TRUE,TRUE,TRUE,TRUE,TRUE,TRUE,TRUE,FALSE,FALSE,FALSE,FALSE,TRUE,TRUE,WARNING
Insulin Degludec 100 units/ml SC Injection,1373449,Insulin Degludec,TRUE,FDA DailyMed / US NLM,TRUE,TRUE,TRUE,TRUE,TRUE,TRUE,TRUE,FALSE,FALSE,FALSE,FALSE,TRUE,TRUE,WARNING
Insulin Glulisine 100 units/ml SC / IV,636527,Insulin Glulisine,TRUE,FDA DailyMed / US NLM,TRUE,TRUE,TRUE,TRUE,TRUE,TRUE,TRUE,FALSE,FALSE,FALSE,FALSE,TRUE,TRUE,WARNING
Levothyroxine 100 mcg Oral Tablet / IV,10582,Levothyroxine,TRUE,FDA DailyMed / US NLM,TRUE,TRUE,TRUE,TRUE,TRUE,TRUE,TRUE,FALSE,FALSE,FALSE,FALSE,TRUE,TRUE,VALID
Liothyronine 25 mcg Oral Tablet / IV,10586,Liothyronine,TRUE,FDA DailyMed / US NLM,TRUE,TRUE,TRUE,TRUE,TRUE,TRUE,TRUE,FALSE,FALSE,FALSE,FALSE,TRUE,TRUE,WARNING
Methimazole 10 mg Oral Tablet,6872,Methimazole,TRUE,FDA DailyMed / US NLM,TRUE,TRUE,TRUE,TRUE,TRUE,TRUE,TRUE,FALSE,FALSE,FALSE,FALSE,TRUE,TRUE,VALID
Propylthiouracil 50 mg Oral Tablet,8823,Propylthiouracil,TRUE,FDA DailyMed / US NLM,TRUE,TRUE,TRUE,TRUE,TRUE,TRUE,TRUE,FALSE,FALSE,FALSE,FALSE,TRUE,TRUE,VALID
Potassium Iodide 130 mg Oral Solution / Tablet,8596,Potassium Iodide,TRUE,FDA DailyMed / US NLM,TRUE,TRUE,TRUE,TRUE,TRUE,TRUE,TRUE,FALSE,FALSE,FALSE,FALSE,TRUE,TRUE,WARNING
Alendronate 70 mg Oral Tablet,10839,Alendronate,TRUE,FDA DailyMed / US NLM,TRUE,TRUE,TRUE,TRUE,TRUE,TRUE,TRUE,FALSE,FALSE,FALSE,FALSE,TRUE,TRUE,VALID
Risedronate 35 mg Oral Tablet,35827,Risedronate,TRUE,FDA DailyMed / US NLM,TRUE,TRUE,TRUE,TRUE,TRUE,TRUE,TRUE,FALSE,FALSE,FALSE,FALSE,TRUE,TRUE,WARNING
Ibandronate 150 mg Oral / IV,74885,Ibandronate,TRUE,FDA DailyMed / US NLM,TRUE,TRUE,TRUE,TRUE,TRUE,TRUE,TRUE,FALSE,FALSE,FALSE,FALSE,TRUE,TRUE,WARNING
Zoledronic Acid 5 mg IV Infusion,284639,Zoledronic Acid,TRUE,FDA DailyMed / US NLM,TRUE,TRUE,TRUE,TRUE,TRUE,TRUE,TRUE,FALSE,FALSE,FALSE,FALSE,TRUE,TRUE,VALID
Denosumab 60 mg SC Injection,993450,Denosumab,TRUE,FDA DailyMed / US NLM,TRUE,TRUE,TRUE,TRUE,TRUE,TRUE,TRUE,FALSE,FALSE,FALSE,FALSE,TRUE,TRUE,VALID
Teriparatide 20 mcg SC Injection,382741,Teriparatide,TRUE,FDA DailyMed / US NLM,TRUE,TRUE,TRUE,TRUE,TRUE,TRUE,TRUE,FALSE,FALSE,FALSE,FALSE,TRUE,TRUE,WARNING
Calcitriol 0.25 mcg Oral Capsule / IV,1895,Calcitriol,TRUE,FDA DailyMed / US NLM,TRUE,TRUE,TRUE,TRUE,TRUE,TRUE,TRUE,FALSE,FALSE,FALSE,FALSE,TRUE,TRUE,WARNING
Cinacalcet 30 mg Oral Tablet,399946,Cinacalcet,TRUE,FDA DailyMed / US NLM,TRUE,TRUE,TRUE,TRUE,TRUE,TRUE,TRUE,FALSE,FALSE,FALSE,FALSE,TRUE,TRUE,WARNING
Desmopressin 0.1 mg Oral / Nasal Spray / IV,3249,Desmopressin,TRUE,FDA DailyMed / US NLM,TRUE,TRUE,TRUE,TRUE,TRUE,TRUE,TRUE,FALSE,FALSE,FALSE,FALSE,TRUE,TRUE,VALID
Octreotide 100 mcg SC / IV / Depot IM,7593,Octreotide,TRUE,FDA DailyMed / US NLM,TRUE,TRUE,TRUE,TRUE,TRUE,TRUE,TRUE,FALSE,FALSE,FALSE,FALSE,TRUE,TRUE,WARNING
Cabergoline 0.5 mg Oral Tablet,25255,Cabergoline,TRUE,FDA DailyMed / US NLM,TRUE,TRUE,TRUE,TRUE,TRUE,TRUE,TRUE,FALSE,FALSE,FALSE,FALSE,TRUE,TRUE,VALID
Bromocriptine 2.5 mg Oral Tablet,1738,Bromocriptine,TRUE,FDA DailyMed / US NLM,TRUE,TRUE,TRUE,TRUE,TRUE,TRUE,TRUE,FALSE,FALSE,FALSE,FALSE,TRUE,TRUE,WARNING
Somatropin 1 mg SC Injection,9940,Somatropin,TRUE,FDA DailyMed / US NLM,TRUE,TRUE,TRUE,TRUE,TRUE,TRUE,TRUE,FALSE,FALSE,FALSE,FALSE,TRUE,TRUE,WARNING
Atorvastatin 10 mg Oral Tablet,310798,Atorvastatin,TRUE,FDA DailyMed / US NLM,TRUE,TRUE,TRUE,TRUE,TRUE,TRUE,TRUE,FALSE,FALSE,FALSE,FALSE,TRUE,TRUE,VALID
Rosuvastatin 10 mg Oral Tablet,308047,Rosuvastatin,TRUE,FDA DailyMed / US NLM,TRUE,TRUE,TRUE,TRUE,TRUE,TRUE,TRUE,FALSE,FALSE,FALSE,FALSE,TRUE,TRUE,VALID
Simvastatin 20 mg Oral Tablet,36567,Simvastatin,TRUE,FDA DailyMed / US NLM,TRUE,TRUE,TRUE,TRUE,TRUE,TRUE,TRUE,FALSE,FALSE,FALSE,FALSE,TRUE,TRUE,VALID
Pravastatin 40 mg Oral Tablet,8591,Pravastatin,TRUE,FDA DailyMed / US NLM,TRUE,TRUE,TRUE,TRUE,TRUE,TRUE,TRUE,FALSE,FALSE,FALSE,FALSE,TRUE,TRUE,VALID
Lovastatin 20 mg Oral Tablet,6472,Lovastatin,TRUE,FDA DailyMed / US NLM,TRUE,TRUE,TRUE,TRUE,TRUE,TRUE,TRUE,FALSE,FALSE,FALSE,FALSE,TRUE,TRUE,VALID
Pitavastatin 2 mg Oral Tablet,861634,Pitavastatin,TRUE,FDA DailyMed / US NLM,TRUE,TRUE,TRUE,TRUE,TRUE,TRUE,TRUE,FALSE,FALSE,FALSE,FALSE,TRUE,TRUE,VALID
Fluvastatin 40 mg Oral Capsule,41127,Fluvastatin,TRUE,FDA DailyMed / US NLM,TRUE,TRUE,TRUE,TRUE,TRUE,TRUE,TRUE,FALSE,FALSE,FALSE,FALSE,TRUE,TRUE,VALID
Ezetimibe 10 mg Oral Tablet,341249,Ezetimibe,TRUE,FDA DailyMed / US NLM,TRUE,TRUE,TRUE,TRUE,TRUE,TRUE,TRUE,FALSE,FALSE,FALSE,FALSE,TRUE,TRUE,VALID
Evolocumab 140 mg SC Autoinjector,1665091,Evolocumab,TRUE,FDA DailyMed / US NLM,TRUE,TRUE,TRUE,TRUE,TRUE,TRUE,TRUE,FALSE,FALSE,FALSE,FALSE,TRUE,TRUE,VALID
Alirocumab 75 mg SC Pen,1659149,Alirocumab,TRUE,FDA DailyMed / US NLM,TRUE,TRUE,TRUE,TRUE,TRUE,TRUE,TRUE,FALSE,FALSE,FALSE,FALSE,TRUE,TRUE,VALID
Inclisiran 284 mg SC Injection,2587841,Inclisiran,TRUE,FDA DailyMed / US NLM,TRUE,TRUE,TRUE,TRUE,TRUE,TRUE,TRUE,FALSE,FALSE,FALSE,FALSE,TRUE,TRUE,VALID
Bempedoic Acid 180 mg Oral Tablet,2282570,Bempedoic Acid,TRUE,FDA DailyMed / US NLM,TRUE,TRUE,TRUE,TRUE,TRUE,TRUE,TRUE,FALSE,FALSE,FALSE,FALSE,TRUE,TRUE,VALID
Fenofibrate 145 mg Oral Tablet,4322,Fenofibrate,TRUE,FDA DailyMed / US NLM,TRUE,TRUE,TRUE,TRUE,TRUE,TRUE,TRUE,FALSE,FALSE,FALSE,FALSE,TRUE,TRUE,WARNING
Gemfibrozil 600 mg Oral Tablet,4719,Gemfibrozil,TRUE,FDA DailyMed / US NLM,TRUE,TRUE,TRUE,TRUE,TRUE,TRUE,TRUE,FALSE,FALSE,FALSE,FALSE,TRUE,TRUE,WARNING
Cholestyramine 4 g Oral Powder,2407,Cholestyramine,TRUE,FDA DailyMed / US NLM,TRUE,TRUE,TRUE,TRUE,TRUE,TRUE,TRUE,FALSE,FALSE,FALSE,FALSE,TRUE,TRUE,VALID
Colesevelam 625 mg Oral Tablet / Powder,253272,Colesevelam,TRUE,FDA DailyMed / US NLM,TRUE,TRUE,TRUE,TRUE,TRUE,TRUE,TRUE,FALSE,FALSE,FALSE,FALSE,TRUE,TRUE,VALID
Colestipol 1 g Oral Tablet / Granules,2698,Colestipol,TRUE,FDA DailyMed / US NLM,TRUE,TRUE,TRUE,TRUE,TRUE,TRUE,TRUE,FALSE,FALSE,FALSE,FALSE,TRUE,TRUE,WARNING
Icosapent Ethyl 1 g Oral Capsule,1306385,Icosapent Ethyl,TRUE,FDA DailyMed / US NLM,TRUE,TRUE,TRUE,TRUE,TRUE,TRUE,TRUE,FALSE,FALSE,FALSE,FALSE,TRUE,TRUE,WARNING
Omega-3-Acid Ethyl Esters 1 g Oral Capsule,643093,Omega-3-Acid Ethyl Esters,TRUE,FDA DailyMed / US NLM,TRUE,TRUE,TRUE,TRUE,TRUE,TRUE,TRUE,FALSE,FALSE,FALSE,FALSE,TRUE,TRUE,WARNING
Niacin 500 mg Oral Tablet (ER),7414,Niacin,TRUE,FDA DailyMed / US NLM,TRUE,TRUE,TRUE,TRUE,TRUE,TRUE,TRUE,FALSE,FALSE,FALSE,FALSE,TRUE,TRUE,WARNING
Lomitapide 10 mg Oral Capsule,1369324,Lomitapide,TRUE,FDA DailyMed / US NLM,TRUE,TRUE,TRUE,TRUE,TRUE,TRUE,TRUE,FALSE,FALSE,FALSE,FALSE,TRUE,TRUE,VALID
Warfarin 5 mg Oral Tablet,11289,Warfarin,TRUE,FDA DailyMed / US NLM,TRUE,TRUE,TRUE,TRUE,TRUE,TRUE,TRUE,FALSE,FALSE,FALSE,FALSE,TRUE,TRUE,VALID
Apixaban 5 mg Oral Tablet,1364430,Apixaban,TRUE,FDA DailyMed / US NLM,TRUE,TRUE,TRUE,TRUE,TRUE,TRUE,TRUE,FALSE,FALSE,FALSE,FALSE,TRUE,TRUE,VALID
Rivaroxaban 20 mg Oral Tablet,1114197,Rivaroxaban,TRUE,FDA DailyMed / US NLM,TRUE,TRUE,TRUE,TRUE,TRUE,TRUE,TRUE,FALSE,FALSE,FALSE,FALSE,TRUE,TRUE,VALID
Dabigatran 150 mg Oral Capsule,1037046,Dabigatran,TRUE,FDA DailyMed / US NLM,TRUE,TRUE,TRUE,TRUE,TRUE,TRUE,TRUE,FALSE,FALSE,FALSE,FALSE,TRUE,TRUE,VALID
Edoxaban 60 mg Oral Tablet,1599538,Edoxaban,TRUE,FDA DailyMed / US NLM,TRUE,TRUE,TRUE,TRUE,TRUE,TRUE,TRUE,FALSE,FALSE,FALSE,FALSE,TRUE,TRUE,VALID
"Heparin Sodium 5,000 units/ml IV / SC",5224,Heparin Sodium,TRUE,FDA DailyMed / US NLM,TRUE,TRUE,TRUE,TRUE,TRUE,TRUE,TRUE,FALSE,FALSE,FALSE,FALSE,TRUE,TRUE,VALID
Enoxaparin 40 mg SC / IV Injection,67112,Enoxaparin,TRUE,FDA DailyMed / US NLM,TRUE,TRUE,TRUE,TRUE,TRUE,TRUE,TRUE,FALSE,FALSE,FALSE,FALSE,TRUE,TRUE,VALID
"Dalteparin 5,000 units SC Injection",67109,Dalteparin,TRUE,FDA DailyMed / US NLM,TRUE,TRUE,TRUE,TRUE,TRUE,TRUE,TRUE,FALSE,FALSE,FALSE,FALSE,TRUE,TRUE,WARNING
Fondaparinux 2.5 mg SC Injection,321208,Fondaparinux,TRUE,FDA DailyMed / US NLM,TRUE,TRUE,TRUE,TRUE,TRUE,TRUE,TRUE,FALSE,FALSE,FALSE,FALSE,TRUE,TRUE,VALID
Bivalirudin 250 mg IV Infusion,61028,Bivalirudin,TRUE,FDA DailyMed / US NLM,TRUE,TRUE,TRUE,TRUE,TRUE,TRUE,TRUE,FALSE,FALSE,FALSE,FALSE,TRUE,TRUE,WARNING
Argatroban 250 mg IV Infusion,88249,Argatroban,TRUE,FDA DailyMed / US NLM,TRUE,TRUE,TRUE,TRUE,TRUE,TRUE,TRUE,FALSE,FALSE,FALSE,FALSE,TRUE,TRUE,VALID
Clopidogrel 75 mg Oral Tablet,32968,Clopidogrel,TRUE,FDA DailyMed / US NLM,TRUE,TRUE,TRUE,TRUE,TRUE,TRUE,TRUE,FALSE,FALSE,FALSE,FALSE,TRUE,TRUE,WARNING
Ticagrelor 90 mg Oral Tablet,1117096,Ticagrelor,TRUE,FDA DailyMed / US NLM,TRUE,TRUE,TRUE,TRUE,TRUE,TRUE,TRUE,FALSE,FALSE,FALSE,FALSE,TRUE,TRUE,VALID
Prasugrel 10 mg Oral Tablet,849727,Prasugrel,TRUE,FDA DailyMed / US NLM,TRUE,TRUE,TRUE,TRUE,TRUE,TRUE,TRUE,FALSE,FALSE,FALSE,FALSE,TRUE,TRUE,WARNING
Dipyridamole 75 mg Oral Tablet / IV,3444,Dipyridamole,TRUE,FDA DailyMed / US NLM,TRUE,TRUE,TRUE,TRUE,TRUE,TRUE,TRUE,FALSE,FALSE,FALSE,FALSE,TRUE,TRUE,WARNING
Cilostazol 100 mg Oral Tablet,235473,Cilostazol,TRUE,FDA DailyMed / US NLM,TRUE,TRUE,TRUE,TRUE,TRUE,TRUE,TRUE,FALSE,FALSE,FALSE,FALSE,TRUE,TRUE,WARNING
Alteplase 100 mg IV Infusion,8410,Alteplase,TRUE,FDA DailyMed / US NLM,TRUE,TRUE,TRUE,TRUE,TRUE,TRUE,TRUE,FALSE,FALSE,FALSE,FALSE,TRUE,TRUE,VALID
Tenecteplase 50 mg IV Bolus,258327,Tenecteplase,TRUE,FDA DailyMed / US NLM,TRUE,TRUE,TRUE,TRUE,TRUE,TRUE,TRUE,FALSE,FALSE,FALSE,FALSE,TRUE,TRUE,WARNING
Idarucizumab 5 g/50ml IV Push,1720584,Idarucizumab,TRUE,FDA DailyMed / US NLM,TRUE,TRUE,TRUE,TRUE,TRUE,TRUE,TRUE,FALSE,FALSE,FALSE,FALSE,TRUE,TRUE,VALID
Andexanet Alfa 400 mg IV Infusion,2044814,Andexanet Alfa,TRUE,FDA DailyMed / US NLM,TRUE,TRUE,TRUE,TRUE,TRUE,TRUE,TRUE,FALSE,FALSE,FALSE,FALSE,TRUE,TRUE,VALID
Protamine Sulfate 50 mg/5ml Slow IV Push,8827,Protamine Sulfate,TRUE,FDA DailyMed / US NLM,TRUE,TRUE,TRUE,TRUE,TRUE,TRUE,TRUE,FALSE,FALSE,FALSE,FALSE,TRUE,TRUE,WARNING
Phytonadione 10 mg Oral / Slow IV,8283,Phytonadione,TRUE,FDA DailyMed / US NLM,TRUE,TRUE,TRUE,TRUE,TRUE,TRUE,TRUE,FALSE,FALSE,FALSE,FALSE,TRUE,TRUE,VALID
Pantoprazole 40 mg Oral Tablet / IV,312615,Pantoprazole,TRUE,FDA DailyMed / US NLM,TRUE,TRUE,TRUE,TRUE,TRUE,TRUE,TRUE,FALSE,FALSE,FALSE,FALSE,TRUE,TRUE,VALID
Omeprazole 20 mg Oral Capsule,7646,Omeprazole,TRUE,FDA DailyMed / US NLM,TRUE,TRUE,TRUE,TRUE,TRUE,TRUE,TRUE,FALSE,FALSE,FALSE,FALSE,TRUE,TRUE,WARNING
Esomeprazole 40 mg Oral Capsule / IV,283742,Esomeprazole,TRUE,FDA DailyMed / US NLM,TRUE,TRUE,TRUE,TRUE,TRUE,TRUE,TRUE,FALSE,FALSE,FALSE,FALSE,TRUE,TRUE,WARNING
Lansoprazole 30 mg Oral Capsule,283744,Lansoprazole,TRUE,FDA DailyMed / US NLM,TRUE,TRUE,TRUE,TRUE,TRUE,TRUE,TRUE,FALSE,FALSE,FALSE,FALSE,TRUE,TRUE,VALID
Rabeprazole 20 mg Oral Tablet,283745,Rabeprazole,TRUE,FDA DailyMed / US NLM,TRUE,TRUE,TRUE,TRUE,TRUE,TRUE,TRUE,FALSE,FALSE,FALSE,FALSE,TRUE,TRUE,WARNING
Dexlansoprazole 60 mg Oral Capsule,849733,Dexlansoprazole,TRUE,FDA DailyMed / US NLM,TRUE,TRUE,TRUE,TRUE,TRUE,TRUE,TRUE,FALSE,FALSE,FALSE,FALSE,TRUE,TRUE,WARNING
Famotidine 20 mg Oral Tablet / IV,4278,Famotidine,TRUE,FDA DailyMed / US NLM,TRUE,TRUE,TRUE,TRUE,TRUE,TRUE,TRUE,FALSE,FALSE,FALSE,FALSE,TRUE,TRUE,VALID
Cimetidine 400 mg Oral Tablet,2541,Cimetidine,TRUE,FDA DailyMed / US NLM,TRUE,TRUE,TRUE,TRUE,TRUE,TRUE,TRUE,FALSE,FALSE,FALSE,FALSE,TRUE,TRUE,WARNING
Sucralfate 1 g Oral Tablet / Suspension,10156,Sucralfate,TRUE,FDA DailyMed / US NLM,TRUE,TRUE,TRUE,TRUE,TRUE,TRUE,TRUE,FALSE,FALSE,FALSE,FALSE,TRUE,TRUE,VALID
Misoprostol 200 mcg Oral Tablet,6983,Misoprostol,TRUE,FDA DailyMed / US NLM,TRUE,TRUE,TRUE,TRUE,TRUE,TRUE,TRUE,FALSE,FALSE,FALSE,FALSE,TRUE,TRUE,VALID
Bismuth Subsalicylate 262 mg Oral Tablet / Suspension,1545,Bismuth Subsalicylate,TRUE,FDA DailyMed / US NLM,TRUE,TRUE,TRUE,TRUE,TRUE,TRUE,TRUE,FALSE,FALSE,FALSE,FALSE,TRUE,TRUE,VALID
Ondansetron 4 mg Oral / ODT / IV,26225,Ondansetron,TRUE,FDA DailyMed / US NLM,TRUE,TRUE,TRUE,TRUE,TRUE,TRUE,TRUE,FALSE,FALSE,FALSE,FALSE,TRUE,TRUE,VALID
Granisetron 1 mg Oral / IV / Transdermal,4917,Granisetron,TRUE,FDA DailyMed / US NLM,TRUE,TRUE,TRUE,TRUE,TRUE,TRUE,TRUE,FALSE,FALSE,FALSE,FALSE,TRUE,TRUE,WARNING
Palonosetron 0.25 mg IV Injection,358262,Palonosetron,TRUE,FDA DailyMed / US NLM,TRUE,TRUE,TRUE,TRUE,TRUE,TRUE,TRUE,FALSE,FALSE,FALSE,FALSE,TRUE,TRUE,WARNING
Aprepitant 125 mg Oral Capsule,358261,Aprepitant,TRUE,FDA DailyMed / US NLM,TRUE,TRUE,TRUE,TRUE,TRUE,TRUE,TRUE,FALSE,FALSE,FALSE,FALSE,TRUE,TRUE,WARNING
Metoclopramide 10 mg Oral Tablet / IV,6915,Metoclopramide,TRUE,FDA DailyMed / US NLM,TRUE,TRUE,TRUE,TRUE,TRUE,TRUE,TRUE,FALSE,FALSE,FALSE,FALSE,TRUE,TRUE,VALID
Domperidone 10 mg Oral Tablet,3544,Domperidone,TRUE,FDA DailyMed / US NLM,TRUE,TRUE,TRUE,TRUE,TRUE,TRUE,TRUE,FALSE,FALSE,FALSE,FALSE,TRUE,TRUE,VALID
Prochlorperazine 10 mg Oral / IV / Rectal Suppository,8644,Prochlorperazine,TRUE,FDA DailyMed / US NLM,TRUE,TRUE,TRUE,TRUE,TRUE,TRUE,TRUE,FALSE,FALSE,FALSE,FALSE,TRUE,TRUE,WARNING
Promethazine 25 mg Oral / IV / IM / Rectal,8745,Promethazine,TRUE,FDA DailyMed / US NLM,TRUE,TRUE,TRUE,TRUE,TRUE,TRUE,TRUE,FALSE,FALSE,FALSE,FALSE,TRUE,TRUE,WARNING
Scopolamine 1.5 mg Transdermal Patch,9604,Scopolamine,TRUE,FDA DailyMed / US NLM,TRUE,TRUE,TRUE,TRUE,TRUE,TRUE,TRUE,FALSE,FALSE,FALSE,FALSE,TRUE,TRUE,VALID
Loperamide 2 mg Oral Capsule,6468,Loperamide,TRUE,FDA DailyMed / US NLM,TRUE,TRUE,TRUE,TRUE,TRUE,TRUE,TRUE,FALSE,FALSE,FALSE,FALSE,TRUE,TRUE,VALID
Diphenoxylate and Atropine 2.5-0.025 mg Oral Tablet,3432,Diphenoxylate / Atropine,TRUE,FDA DailyMed / US NLM,TRUE,TRUE,TRUE,TRUE,TRUE,TRUE,TRUE,FALSE,FALSE,FALSE,FALSE,TRUE,TRUE,WARNING
Lactulose 10 g/15ml Oral Solution,6240,Lactulose,TRUE,FDA DailyMed / US NLM,TRUE,TRUE,TRUE,TRUE,TRUE,TRUE,TRUE,FALSE,FALSE,FALSE,FALSE,TRUE,TRUE,VALID
Polyethylene Glycol 3350 17 g Oral Powder,8528,Polyethylene Glycol 3350,TRUE,FDA DailyMed / US NLM,TRUE,TRUE,TRUE,TRUE,TRUE,TRUE,TRUE,FALSE,FALSE,FALSE,FALSE,TRUE,TRUE,VALID
Senna 8.6 mg Oral Tablet,9659,Senna,TRUE,FDA DailyMed / US NLM,TRUE,TRUE,TRUE,TRUE,TRUE,TRUE,TRUE,FALSE,FALSE,FALSE,FALSE,TRUE,TRUE,VALID
Bisacodyl 5 mg Oral Tablet / Rectal Suppository,1540,Bisacodyl,TRUE,FDA DailyMed / US NLM,TRUE,TRUE,TRUE,TRUE,TRUE,TRUE,TRUE,FALSE,FALSE,FALSE,FALSE,TRUE,TRUE,WARNING
Docusate Sodium 100 mg Oral Capsule,3536,Docusate Sodium,TRUE,FDA DailyMed / US NLM,TRUE,TRUE,TRUE,TRUE,TRUE,TRUE,TRUE,FALSE,FALSE,FALSE,FALSE,TRUE,TRUE,VALID
Mesalamine 800 mg Oral Tablet / Enema / Suppository,6762,Mesalamine,TRUE,FDA DailyMed / US NLM,TRUE,TRUE,TRUE,TRUE,TRUE,TRUE,TRUE,FALSE,FALSE,FALSE,FALSE,TRUE,TRUE,VALID
Sulfasalazine 500 mg Oral Tablet,10232,Sulfasalazine,TRUE,FDA DailyMed / US NLM,TRUE,TRUE,TRUE,TRUE,TRUE,TRUE,TRUE,FALSE,FALSE,FALSE,FALSE,TRUE,TRUE,VALID
Ursodiol 300 mg Oral Capsule,11100,Ursodiol,TRUE,FDA DailyMed / US NLM,TRUE,TRUE,TRUE,TRUE,TRUE,TRUE,TRUE,FALSE,FALSE,FALSE,FALSE,TRUE,TRUE,VALID
Rifaximin 550 mg Oral Tablet,257211,Rifaximin,TRUE,FDA DailyMed / US NLM,TRUE,TRUE,TRUE,TRUE,TRUE,TRUE,TRUE,FALSE,FALSE,FALSE,FALSE,TRUE,TRUE,VALID
Cetirizine 10 mg Oral Tablet,310489,Cetirizine,TRUE,FDA DailyMed / US NLM,TRUE,TRUE,TRUE,TRUE,TRUE,TRUE,TRUE,FALSE,FALSE,FALSE,FALSE,TRUE,TRUE,VALID
Levocetirizine 5 mg Oral Tablet,311354,Levocetirizine,TRUE,FDA DailyMed / US NLM,TRUE,TRUE,TRUE,TRUE,TRUE,TRUE,TRUE,FALSE,FALSE,FALSE,FALSE,TRUE,TRUE,WARNING
Loratadine 10 mg Oral Tablet,6470,Loratadine,TRUE,FDA DailyMed / US NLM,TRUE,TRUE,TRUE,TRUE,TRUE,TRUE,TRUE,FALSE,FALSE,FALSE,FALSE,TRUE,TRUE,VALID
Desloratadine 5 mg Oral Tablet,329528,Desloratadine,TRUE,FDA DailyMed / US NLM,TRUE,TRUE,TRUE,TRUE,TRUE,TRUE,TRUE,FALSE,FALSE,FALSE,FALSE,TRUE,TRUE,WARNING
Fexofenadine 180 mg Oral Tablet,1544463,Fexofenadine,TRUE,FDA DailyMed / US NLM,TRUE,TRUE,TRUE,TRUE,TRUE,TRUE,TRUE,FALSE,FALSE,FALSE,FALSE,TRUE,TRUE,WARNING
Diphenhydramine 25 mg Oral / IV / IM,3498,Diphenhydramine,TRUE,FDA DailyMed / US NLM,TRUE,TRUE,TRUE,TRUE,TRUE,TRUE,TRUE,FALSE,FALSE,FALSE,FALSE,TRUE,TRUE,VALID
Hydroxyzine 25 mg Oral / IM,5552,Hydroxyzine,TRUE,FDA DailyMed / US NLM,TRUE,TRUE,TRUE,TRUE,TRUE,TRUE,TRUE,FALSE,FALSE,FALSE,FALSE,TRUE,TRUE,VALID
Montelukast 10 mg Oral Tablet,311689,Montelukast,TRUE,FDA DailyMed / US NLM,TRUE,TRUE,TRUE,TRUE,TRUE,TRUE,TRUE,FALSE,FALSE,FALSE,FALSE,TRUE,TRUE,VALID
Salbutamol 100 mcg Inhalation Aerosol (MDI),435,Salbutamol,TRUE,FDA DailyMed / US NLM,TRUE,TRUE,TRUE,TRUE,TRUE,TRUE,TRUE,FALSE,FALSE,FALSE,FALSE,TRUE,TRUE,VALID
Levalbuterol 45 mcg Inhalation Aerosol,214199,Levalbuterol,TRUE,FDA DailyMed / US NLM,TRUE,TRUE,TRUE,TRUE,TRUE,TRUE,TRUE,FALSE,FALSE,FALSE,FALSE,TRUE,TRUE,WARNING
Salmeterol 50 mcg Dry Powder Inhaler (DPI),36117,Salmeterol,TRUE,FDA DailyMed / US NLM,TRUE,TRUE,TRUE,TRUE,TRUE,TRUE,TRUE,FALSE,FALSE,FALSE,FALSE,TRUE,TRUE,WARNING
Formoterol 12 mcg Dry Powder / Nebulizer,25669,Formoterol,TRUE,FDA DailyMed / US NLM,TRUE,TRUE,TRUE,TRUE,TRUE,TRUE,TRUE,FALSE,FALSE,FALSE,FALSE,TRUE,TRUE,WARNING
Ipratropium 17 mcg Inhalation MDI / Nebulizer,6011,Ipratropium,TRUE,FDA DailyMed / US NLM,TRUE,TRUE,TRUE,TRUE,TRUE,TRUE,TRUE,FALSE,FALSE,FALSE,FALSE,TRUE,TRUE,VALID
Tiotropium 18 mcg Inhalation DPI / Mist,274786,Tiotropium,TRUE,FDA DailyMed / US NLM,TRUE,TRUE,TRUE,TRUE,TRUE,TRUE,TRUE,FALSE,FALSE,FALSE,FALSE,TRUE,TRUE,WARNING
Fluticasone Propionate 110 mcg Inhalation MDI / Nasal Spray,315677,Fluticasone Propionate,TRUE,FDA DailyMed / US NLM,TRUE,TRUE,TRUE,TRUE,TRUE,TRUE,TRUE,FALSE,FALSE,FALSE,FALSE,TRUE,TRUE,VALID
Budesonide 180 mcg Inhalation DPI / Nebulizer,19831,Budesonide,TRUE,FDA DailyMed / US NLM,TRUE,TRUE,TRUE,TRUE,TRUE,TRUE,TRUE,FALSE,FALSE,FALSE,FALSE,TRUE,TRUE,VALID
Prednisone 20 mg Oral Tablet,8640,Prednisone,TRUE,FDA DailyMed / US NLM,TRUE,TRUE,TRUE,TRUE,TRUE,TRUE,TRUE,FALSE,FALSE,FALSE,FALSE,TRUE,TRUE,VALID
Prednisolone 15 mg Oral Tablet / Syrup,8638,Prednisolone,TRUE,FDA DailyMed / US NLM,TRUE,TRUE,TRUE,TRUE,TRUE,TRUE,TRUE,FALSE,FALSE,FALSE,FALSE,TRUE,TRUE,WARNING
Methylprednisolone 4 mg Oral / IV / Depot IM,6902,Methylprednisolone,TRUE,FDA DailyMed / US NLM,TRUE,TRUE,TRUE,TRUE,TRUE,TRUE,TRUE,FALSE,FALSE,FALSE,FALSE,TRUE,TRUE,WARNING
Dexamethasone 4 mg Oral Tablet / IV,3264,Dexamethasone,TRUE,FDA DailyMed / US NLM,TRUE,TRUE,TRUE,TRUE,TRUE,TRUE,TRUE,FALSE,FALSE,FALSE,FALSE,TRUE,TRUE,VALID
Hydrocortisone 20 mg Oral Tablet / IV,5492,Hydrocortisone,TRUE,FDA DailyMed / US NLM,TRUE,TRUE,TRUE,TRUE,TRUE,TRUE,TRUE,FALSE,FALSE,FALSE,FALSE,TRUE,TRUE,VALID
Betamethasone 6 mg IM Injection,1514,Betamethasone,TRUE,FDA DailyMed / US NLM,TRUE,TRUE,TRUE,TRUE,TRUE,TRUE,TRUE,FALSE,FALSE,FALSE,FALSE,TRUE,TRUE,VALID
Triamcinolone 4 mg Oral / Intra-Articular / Topical,10753,Triamcinolone,TRUE,FDA DailyMed / US NLM,TRUE,TRUE,TRUE,TRUE,TRUE,TRUE,TRUE,FALSE,FALSE,FALSE,FALSE,TRUE,TRUE,WARNING
Fludrocortisone 0.1 mg Oral Tablet,4450,Fludrocortisone,TRUE,FDA DailyMed / US NLM,TRUE,TRUE,TRUE,TRUE,TRUE,TRUE,TRUE,FALSE,FALSE,FALSE,FALSE,TRUE,TRUE,VALID
Methotrexate 2.5 mg Oral Tablet / SC / IM,6851,Methotrexate,TRUE,FDA DailyMed / US NLM,TRUE,TRUE,TRUE,TRUE,TRUE,TRUE,TRUE,FALSE,FALSE,FALSE,FALSE,TRUE,TRUE,VALID
Hydroxychloroquine 200 mg Oral Tablet,5521,Hydroxychloroquine,TRUE,FDA DailyMed / US NLM,TRUE,TRUE,TRUE,TRUE,TRUE,TRUE,TRUE,FALSE,FALSE,FALSE,FALSE,TRUE,TRUE,VALID
Leflunomide 20 mg Oral Tablet,136443,Leflunomide,TRUE,FDA DailyMed / US NLM,TRUE,TRUE,TRUE,TRUE,TRUE,TRUE,TRUE,FALSE,FALSE,FALSE,FALSE,TRUE,TRUE,VALID
Azathioprine 50 mg Oral Tablet / IV,1256,Azathioprine,TRUE,FDA DailyMed / US NLM,TRUE,TRUE,TRUE,TRUE,TRUE,TRUE,TRUE,FALSE,FALSE,FALSE,FALSE,TRUE,TRUE,VALID
Mycophenolate Mofetil 500 mg Oral / IV,68149,Mycophenolate Mofetil,TRUE,FDA DailyMed / US NLM,TRUE,TRUE,TRUE,TRUE,TRUE,TRUE,TRUE,FALSE,FALSE,FALSE,FALSE,TRUE,TRUE,VALID
Tacrolimus 1 mg Oral Capsule / IV,42355,Tacrolimus,TRUE,FDA DailyMed / US NLM,TRUE,TRUE,TRUE,TRUE,TRUE,TRUE,TRUE,FALSE,FALSE,FALSE,FALSE,TRUE,TRUE,VALID
Cyclosporine 100 mg Oral Capsule / IV,3002,Cyclosporine,TRUE,FDA DailyMed / US NLM,TRUE,TRUE,TRUE,TRUE,TRUE,TRUE,TRUE,FALSE,FALSE,FALSE,FALSE,TRUE,TRUE,VALID
Sirolimus 1 mg Oral Tablet / Solution,225658,Sirolimus,TRUE,FDA DailyMed / US NLM,TRUE,TRUE,TRUE,TRUE,TRUE,TRUE,TRUE,FALSE,FALSE,FALSE,FALSE,TRUE,TRUE,VALID
Everolimus 0.75 mg Oral Tablet,256943,Everolimus,TRUE,FDA DailyMed / US NLM,TRUE,TRUE,TRUE,TRUE,TRUE,TRUE,TRUE,FALSE,FALSE,FALSE,FALSE,TRUE,TRUE,VALID
Tofacitinib 5 mg Oral Tablet,1359133,Tofacitinib,TRUE,FDA DailyMed / US NLM,TRUE,TRUE,TRUE,TRUE,TRUE,TRUE,TRUE,FALSE,FALSE,FALSE,FALSE,TRUE,TRUE,VALID
Baricitinib 2 mg Oral Tablet,2044816,Baricitinib,TRUE,FDA DailyMed / US NLM,TRUE,TRUE,TRUE,TRUE,TRUE,TRUE,TRUE,FALSE,FALSE,FALSE,FALSE,TRUE,TRUE,WARNING
Fluoxetine 20 mg Oral Capsule,4493,Fluoxetine,TRUE,FDA DailyMed / US NLM,TRUE,TRUE,TRUE,TRUE,TRUE,TRUE,TRUE,FALSE,FALSE,FALSE,FALSE,TRUE,TRUE,VALID
Sertraline 50 mg Oral Tablet,36437,Sertraline,TRUE,FDA DailyMed / US NLM,TRUE,TRUE,TRUE,TRUE,TRUE,TRUE,TRUE,FALSE,FALSE,FALSE,FALSE,TRUE,TRUE,VALID
Escitalopram 10 mg Oral Tablet,321988,Escitalopram,TRUE,FDA DailyMed / US NLM,TRUE,TRUE,TRUE,TRUE,TRUE,TRUE,TRUE,FALSE,FALSE,FALSE,FALSE,TRUE,TRUE,WARNING
Citalopram 20 mg Oral Tablet,2556,Citalopram,TRUE,FDA DailyMed / US NLM,TRUE,TRUE,TRUE,TRUE,TRUE,TRUE,TRUE,FALSE,FALSE,FALSE,FALSE,TRUE,TRUE,WARNING
Paroxetine 20 mg Oral Tablet / CR,32937,Paroxetine,TRUE,FDA DailyMed / US NLM,TRUE,TRUE,TRUE,TRUE,TRUE,TRUE,TRUE,FALSE,FALSE,FALSE,FALSE,TRUE,TRUE,VALID
Fluvoxamine 50 mg Oral Tablet,42354,Fluvoxamine,TRUE,FDA DailyMed / US NLM,TRUE,TRUE,TRUE,TRUE,TRUE,TRUE,TRUE,FALSE,FALSE,FALSE,FALSE,TRUE,TRUE,WARNING
Duloxetine 60 mg Oral Capsule,284634,Duloxetine,TRUE,FDA DailyMed / US NLM,TRUE,TRUE,TRUE,TRUE,TRUE,TRUE,TRUE,FALSE,FALSE,FALSE,FALSE,TRUE,TRUE,VALID
Venlafaxine 75 mg Oral Capsule (XR),39786,Venlafaxine,TRUE,FDA DailyMed / US NLM,TRUE,TRUE,TRUE,TRUE,TRUE,TRUE,TRUE,FALSE,FALSE,FALSE,FALSE,TRUE,TRUE,WARNING
Desvenlafaxine 50 mg Oral Tablet (ER),744863,Desvenlafaxine,TRUE,FDA DailyMed / US NLM,TRUE,TRUE,TRUE,TRUE,TRUE,TRUE,TRUE,FALSE,FALSE,FALSE,FALSE,TRUE,TRUE,WARNING
Bupropion 150 mg Oral Tablet (XL),42347,Bupropion,TRUE,FDA DailyMed / US NLM,TRUE,TRUE,TRUE,TRUE,TRUE,TRUE,TRUE,FALSE,FALSE,FALSE,FALSE,TRUE,TRUE,VALID
Mirtazapine 15 mg Oral Tablet / ODT,15996,Mirtazapine,TRUE,FDA DailyMed / US NLM,TRUE,TRUE,TRUE,TRUE,TRUE,TRUE,TRUE,FALSE,FALSE,FALSE,FALSE,TRUE,TRUE,VALID
Trazodone 50 mg Oral Tablet,10737,Trazodone,TRUE,FDA DailyMed / US NLM,TRUE,TRUE,TRUE,TRUE,TRUE,TRUE,TRUE,FALSE,FALSE,FALSE,FALSE,TRUE,TRUE,VALID
Vortioxetine 10 mg Oral Tablet,1441865,Vortioxetine,TRUE,FDA DailyMed / US NLM,TRUE,TRUE,TRUE,TRUE,TRUE,TRUE,TRUE,FALSE,FALSE,FALSE,FALSE,TRUE,TRUE,WARNING
Amitriptyline 25 mg Oral Tablet,704,Amitriptyline,TRUE,FDA DailyMed / US NLM,TRUE,TRUE,TRUE,TRUE,TRUE,TRUE,TRUE,FALSE,FALSE,FALSE,FALSE,TRUE,TRUE,VALID
Nortriptyline 25 mg Oral Capsule,7531,Nortriptyline,TRUE,FDA DailyMed / US NLM,TRUE,TRUE,TRUE,TRUE,TRUE,TRUE,TRUE,FALSE,FALSE,FALSE,FALSE,TRUE,TRUE,WARNING
Clomipramine 25 mg Oral Capsule,2599,Clomipramine,TRUE,FDA DailyMed / US NLM,TRUE,TRUE,TRUE,TRUE,TRUE,TRUE,TRUE,FALSE,FALSE,FALSE,FALSE,TRUE,TRUE,WARNING
Lithium Carbonate 300 mg Oral Tablet / Capsule,6448,Lithium Carbonate,TRUE,FDA DailyMed / US NLM,TRUE,TRUE,TRUE,TRUE,TRUE,TRUE,TRUE,FALSE,FALSE,FALSE,FALSE,TRUE,TRUE,VALID
Valproic Acid / Divalproex 500 mg Oral Tablet (ER) / IV,358272,Valproic Acid / Divalproex,TRUE,FDA DailyMed / US NLM,TRUE,TRUE,TRUE,TRUE,TRUE,TRUE,TRUE,FALSE,FALSE,FALSE,FALSE,TRUE,TRUE,VALID
Levetiracetam 500 mg Oral Tablet / IV,39097,Levetiracetam,TRUE,FDA DailyMed / US NLM,TRUE,TRUE,TRUE,TRUE,TRUE,TRUE,TRUE,FALSE,FALSE,FALSE,FALSE,TRUE,TRUE,VALID
Lamotrigine 100 mg Oral Tablet,28439,Lamotrigine,TRUE,FDA DailyMed / US NLM,TRUE,TRUE,TRUE,TRUE,TRUE,TRUE,TRUE,FALSE,FALSE,FALSE,FALSE,TRUE,TRUE,VALID
Carbamazepine 200 mg Oral Tablet,2002,Carbamazepine,TRUE,FDA DailyMed / US NLM,TRUE,TRUE,TRUE,TRUE,TRUE,TRUE,TRUE,FALSE,FALSE,FALSE,FALSE,TRUE,TRUE,VALID
Oxcarbazepine 300 mg Oral Tablet,32624,Oxcarbazepine,TRUE,FDA DailyMed / US NLM,TRUE,TRUE,TRUE,TRUE,TRUE,TRUE,TRUE,FALSE,FALSE,FALSE,FALSE,TRUE,TRUE,WARNING
Topiramate 50 mg Oral Tablet / Sprinkle,38404,Topiramate,TRUE,FDA DailyMed / US NLM,TRUE,TRUE,TRUE,TRUE,TRUE,TRUE,TRUE,FALSE,FALSE,FALSE,FALSE,TRUE,TRUE,VALID
Phenytoin 100 mg Oral Capsule / IV,8183,Phenytoin,TRUE,FDA DailyMed / US NLM,TRUE,TRUE,TRUE,TRUE,TRUE,TRUE,TRUE,FALSE,FALSE,FALSE,FALSE,TRUE,TRUE,VALID
Quetiapine 100 mg Oral Tablet,35640,Quetiapine,TRUE,FDA DailyMed / US NLM,TRUE,TRUE,TRUE,TRUE,TRUE,TRUE,TRUE,FALSE,FALSE,FALSE,FALSE,TRUE,TRUE,WARNING
Olanzapine 10 mg Oral Tablet / IM,28374,Olanzapine,TRUE,FDA DailyMed / US NLM,TRUE,TRUE,TRUE,TRUE,TRUE,TRUE,TRUE,FALSE,FALSE,FALSE,FALSE,TRUE,TRUE,WARNING
Risperidone 2 mg Oral Tablet / ODT / Depot IM,35636,Risperidone,TRUE,FDA DailyMed / US NLM,TRUE,TRUE,TRUE,TRUE,TRUE,TRUE,TRUE,FALSE,FALSE,FALSE,FALSE,TRUE,TRUE,WARNING
Aripiprazole 10 mg Oral Tablet / IM,89905,Aripiprazole,TRUE,FDA DailyMed / US NLM,TRUE,TRUE,TRUE,TRUE,TRUE,TRUE,TRUE,FALSE,FALSE,FALSE,FALSE,TRUE,TRUE,WARNING
Clozapine 100 mg Oral Tablet / ODT,2626,Clozapine,TRUE,FDA DailyMed / US NLM,TRUE,TRUE,TRUE,TRUE,TRUE,TRUE,TRUE,FALSE,FALSE,FALSE,FALSE,TRUE,TRUE,VALID
Haloperidol 5 mg Oral / IV / Depot IM,5093,Haloperidol,TRUE,FDA DailyMed / US NLM,TRUE,TRUE,TRUE,TRUE,TRUE,TRUE,TRUE,FALSE,FALSE,FALSE,FALSE,TRUE,TRUE,VALID
Lorazepam 1 mg Oral Tablet / IV / IM,6470,Lorazepam,TRUE,FDA DailyMed / US NLM,TRUE,TRUE,TRUE,TRUE,TRUE,TRUE,TRUE,FALSE,FALSE,FALSE,FALSE,TRUE,TRUE,VALID
Clonazepam 0.5 mg Oral Tablet / ODT,2598,Clonazepam,TRUE,FDA DailyMed / US NLM,TRUE,TRUE,TRUE,TRUE,TRUE,TRUE,TRUE,FALSE,FALSE,FALSE,FALSE,TRUE,TRUE,WARNING
Diazepam 5 mg Oral Tablet / IV / Rectal Gel,3322,Diazepam,TRUE,FDA DailyMed / US NLM,TRUE,TRUE,TRUE,TRUE,TRUE,TRUE,TRUE,FALSE,FALSE,FALSE,FALSE,TRUE,TRUE,WARNING
Alprazolam 0.5 mg Oral Tablet / XR,596,Alprazolam,TRUE,FDA DailyMed / US NLM,TRUE,TRUE,TRUE,TRUE,TRUE,TRUE,TRUE,FALSE,FALSE,FALSE,FALSE,TRUE,TRUE,WARNING
Donepezil 10 mg Oral Tablet / ODT,135447,Donepezil,TRUE,FDA DailyMed / US NLM,TRUE,TRUE,TRUE,TRUE,TRUE,TRUE,TRUE,FALSE,FALSE,FALSE,FALSE,TRUE,TRUE,VALID
Memantine 10 mg Oral Tablet / ER,6719,Memantine,TRUE,FDA DailyMed / US NLM,TRUE,TRUE,TRUE,TRUE,TRUE,TRUE,TRUE,FALSE,FALSE,FALSE,FALSE,TRUE,TRUE,VALID
Levodopa and Carbidopa 100-25 mg Oral Tablet / CR,217011,Levodopa / Carbidopa,TRUE,FDA DailyMed / US NLM,TRUE,TRUE,TRUE,TRUE,TRUE,TRUE,TRUE,FALSE,FALSE,FALSE,FALSE,TRUE,TRUE,VALID
Fluconazole 150 mg Oral Tablet / IV,4452,Fluconazole,TRUE,FDA DailyMed / US NLM,TRUE,TRUE,TRUE,TRUE,TRUE,TRUE,TRUE,FALSE,FALSE,FALSE,FALSE,TRUE,TRUE,VALID
Itraconazole 100 mg Oral Capsule,6058,Itraconazole,TRUE,FDA DailyMed / US NLM,TRUE,TRUE,TRUE,TRUE,TRUE,TRUE,TRUE,FALSE,FALSE,FALSE,FALSE,TRUE,TRUE,VALID
Voriconazole 200 mg Oral Tablet / IV,121243,Voriconazole,TRUE,FDA DailyMed / US NLM,TRUE,TRUE,TRUE,TRUE,TRUE,TRUE,TRUE,FALSE,FALSE,FALSE,FALSE,TRUE,TRUE,VALID
Terbinafine 250 mg Oral Tablet / Topical Cream,37801,Terbinafine,TRUE,FDA DailyMed / US NLM,TRUE,TRUE,TRUE,TRUE,TRUE,TRUE,TRUE,FALSE,FALSE,FALSE,FALSE,TRUE,TRUE,VALID
Amphotericin B Liposomal 50 mg IV Infusion,205932,Amphotericin B Liposomal,TRUE,FDA DailyMed / US NLM,TRUE,TRUE,TRUE,TRUE,TRUE,TRUE,TRUE,FALSE,FALSE,FALSE,FALSE,TRUE,TRUE,VALID
Caspofungin 50 mg IV Infusion,282464,Caspofungin,TRUE,FDA DailyMed / US NLM,TRUE,TRUE,TRUE,TRUE,TRUE,TRUE,TRUE,FALSE,FALSE,FALSE,FALSE,TRUE,TRUE,VALID
Acyclovir 400 mg Oral / IV / Topical,296,Acyclovir,TRUE,FDA DailyMed / US NLM,TRUE,TRUE,TRUE,TRUE,TRUE,TRUE,TRUE,FALSE,FALSE,FALSE,FALSE,TRUE,TRUE,VALID
Valacyclovir 500 mg Oral Tablet,35826,Valacyclovir,TRUE,FDA DailyMed / US NLM,TRUE,TRUE,TRUE,TRUE,TRUE,TRUE,TRUE,FALSE,FALSE,FALSE,FALSE,TRUE,TRUE,VALID
Oseltamivir 75 mg Oral Capsule,247895,Oseltamivir,TRUE,FDA DailyMed / US NLM,TRUE,TRUE,TRUE,TRUE,TRUE,TRUE,TRUE,FALSE,FALSE,FALSE,FALSE,TRUE,TRUE,VALID
Nirmatrelvir and Ritonavir 300-100 mg Oral Dose Pack,2587842,Nirmatrelvir / Ritonavir,TRUE,FDA DailyMed / US NLM,TRUE,TRUE,TRUE,TRUE,TRUE,TRUE,TRUE,FALSE,FALSE,FALSE,FALSE,TRUE,TRUE,VALID
Tamsulosin 0.4 mg Oral Capsule,77492,Tamsulosin,TRUE,FDA DailyMed / US NLM,TRUE,TRUE,TRUE,TRUE,TRUE,TRUE,TRUE,FALSE,FALSE,FALSE,FALSE,TRUE,TRUE,VALID
Finasteride 5 mg Oral Tablet,25025,Finasteride,TRUE,FDA DailyMed / US NLM,TRUE,TRUE,TRUE,TRUE,TRUE,TRUE,TRUE,FALSE,FALSE,FALSE,FALSE,TRUE,TRUE,VALID
Dutasteride 0.5 mg Oral Capsule,384457,Dutasteride,TRUE,FDA DailyMed / US NLM,TRUE,TRUE,TRUE,TRUE,TRUE,TRUE,TRUE,FALSE,FALSE,FALSE,FALSE,TRUE,TRUE,VALID
Alfuzosin 10 mg Oral Tablet (ER),15372,Alfuzosin,TRUE,FDA DailyMed / US NLM,TRUE,TRUE,TRUE,TRUE,TRUE,TRUE,TRUE,FALSE,FALSE,FALSE,FALSE,TRUE,TRUE,WARNING
Silodosin 8 mg Oral Capsule,855324,Silodosin,TRUE,FDA DailyMed / US NLM,TRUE,TRUE,TRUE,TRUE,TRUE,TRUE,TRUE,FALSE,FALSE,FALSE,FALSE,TRUE,TRUE,WARNING
Oxybutynin 5 mg Oral Tablet / Transdermal,7788,Oxybutynin,TRUE,FDA DailyMed / US NLM,TRUE,TRUE,TRUE,TRUE,TRUE,TRUE,TRUE,FALSE,FALSE,FALSE,FALSE,TRUE,TRUE,WARNING
Tolterodine 2 mg Oral Tablet,205934,Tolterodine,TRUE,FDA DailyMed / US NLM,TRUE,TRUE,TRUE,TRUE,TRUE,TRUE,TRUE,FALSE,FALSE,FALSE,FALSE,TRUE,TRUE,WARNING
Solifenacin 5 mg Oral Tablet,404863,Solifenacin,TRUE,FDA DailyMed / US NLM,TRUE,TRUE,TRUE,TRUE,TRUE,TRUE,TRUE,FALSE,FALSE,FALSE,FALSE,TRUE,TRUE,WARNING
Mirabegron 25 mg Oral Tablet (ER),1306387,Mirabegron,TRUE,FDA DailyMed / US NLM,TRUE,TRUE,TRUE,TRUE,TRUE,TRUE,TRUE,FALSE,FALSE,FALSE,FALSE,TRUE,TRUE,VALID
Sildenafil 50 mg Oral Tablet,214198,Sildenafil,TRUE,FDA DailyMed / US NLM,TRUE,TRUE,TRUE,TRUE,TRUE,TRUE,TRUE,FALSE,FALSE,FALSE,FALSE,TRUE,TRUE,WARNING
Tadalafil 20 mg Oral Tablet,358265,Tadalafil,TRUE,FDA DailyMed / US NLM,TRUE,TRUE,TRUE,TRUE,TRUE,TRUE,TRUE,FALSE,FALSE,FALSE,FALSE,TRUE,TRUE,WARNING
Sodium Polystyrene Sulfonate 15 g Oral / Rectal Suspension,9909,Sodium Polystyrene Sulfonate,TRUE,FDA DailyMed / US NLM,TRUE,TRUE,TRUE,TRUE,TRUE,TRUE,TRUE,FALSE,FALSE,FALSE,FALSE,TRUE,TRUE,WARNING
Patiromer 8.4 g Oral Powder Packet,1720585,Patiromer,TRUE,FDA DailyMed / US NLM,TRUE,TRUE,TRUE,TRUE,TRUE,TRUE,TRUE,FALSE,FALSE,FALSE,FALSE,TRUE,TRUE,VALID
Sodium Zirconium Cyclosilicate 10 g Oral Powder Packet,2044815,Sodium Zirconium Cyclosilicate,TRUE,FDA DailyMed / US NLM,TRUE,TRUE,TRUE,TRUE,TRUE,TRUE,TRUE,FALSE,FALSE,FALSE,FALSE,TRUE,TRUE,VALID
Sevelamer Carbonate 800 mg Oral Tablet / Powder,748856,Sevelamer Carbonate,TRUE,FDA DailyMed / US NLM,TRUE,TRUE,TRUE,TRUE,TRUE,TRUE,TRUE,FALSE,FALSE,FALSE,FALSE,TRUE,TRUE,VALID
Fluorouracil 500 mg IV Infusion,4454,Fluorouracil,TRUE,FDA DailyMed / US NLM,TRUE,TRUE,TRUE,TRUE,TRUE,TRUE,TRUE,FALSE,FALSE,FALSE,FALSE,TRUE,TRUE,VALID
Capecitabine 500 mg Oral Tablet,1364431,Capecitabine,TRUE,FDA DailyMed / US NLM,TRUE,TRUE,TRUE,TRUE,TRUE,TRUE,TRUE,FALSE,FALSE,FALSE,FALSE,TRUE,TRUE,VALID
Cisplatin 50 mg IV Infusion,2555,Cisplatin,TRUE,FDA DailyMed / US NLM,TRUE,TRUE,TRUE,TRUE,TRUE,TRUE,TRUE,FALSE,FALSE,FALSE,FALSE,TRUE,TRUE,VALID
Carboplatin 150 mg IV Infusion,2006,Carboplatin,TRUE,FDA DailyMed / US NLM,TRUE,TRUE,TRUE,TRUE,TRUE,TRUE,TRUE,FALSE,FALSE,FALSE,FALSE,TRUE,TRUE,WARNING
Cyclophosphamide 500 mg Oral / IV,3004,Cyclophosphamide,TRUE,FDA DailyMed / US NLM,TRUE,TRUE,TRUE,TRUE,TRUE,TRUE,TRUE,FALSE,FALSE,FALSE,FALSE,TRUE,TRUE,VALID
Doxorubicin 50 mg IV Infusion,3639,Doxorubicin,TRUE,FDA DailyMed / US NLM,TRUE,TRUE,TRUE,TRUE,TRUE,TRUE,TRUE,FALSE,FALSE,FALSE,FALSE,TRUE,TRUE,VALID
Paclitaxel 100 mg IV Infusion,7802,Paclitaxel,TRUE,FDA DailyMed / US NLM,TRUE,TRUE,TRUE,TRUE,TRUE,TRUE,TRUE,FALSE,FALSE,FALSE,FALSE,TRUE,TRUE,WARNING
Imatinib 400 mg Oral Tablet,282388,Imatinib,TRUE,FDA DailyMed / US NLM,TRUE,TRUE,TRUE,TRUE,TRUE,TRUE,TRUE,FALSE,FALSE,FALSE,FALSE,TRUE,TRUE,VALID
Trastuzumab 440 mg IV Infusion,224901,Trastuzumab,TRUE,FDA DailyMed / US NLM,TRUE,TRUE,TRUE,TRUE,TRUE,TRUE,TRUE,FALSE,FALSE,FALSE,FALSE,TRUE,TRUE,VALID
Rituximab 500 mg IV Infusion,121191,Rituximab,TRUE,FDA DailyMed / US NLM,TRUE,TRUE,TRUE,TRUE,TRUE,TRUE,TRUE,FALSE,FALSE,FALSE,FALSE,TRUE,TRUE,VALID
Tamoxifen 20 mg Oral Tablet,10324,Tamoxifen,TRUE,FDA DailyMed / US NLM,TRUE,TRUE,TRUE,TRUE,TRUE,TRUE,TRUE,FALSE,FALSE,FALSE,FALSE,TRUE,TRUE,VALID
Anastrozole 1 mg Oral Tablet,84857,Anastrozole,TRUE,FDA DailyMed / US NLM,TRUE,TRUE,TRUE,TRUE,TRUE,TRUE,TRUE,FALSE,FALSE,FALSE,FALSE,TRUE,TRUE,VALID
Letrozole 2.5 mg Oral Tablet,1364430,Letrozole,TRUE,FDA DailyMed / US NLM,TRUE,TRUE,TRUE,TRUE,TRUE,TRUE,TRUE,FALSE,FALSE,FALSE,FALSE,TRUE,TRUE,WARNING
Filgrastim 300 mcg SC / IV Injection,247894,Filgrastim,TRUE,FDA DailyMed / US NLM,TRUE,TRUE,TRUE,TRUE,TRUE,TRUE,TRUE,FALSE,FALSE,FALSE,FALSE,TRUE,TRUE,WARNING
"Epoetin Alfa 10,000 units SC / IV Injection",225659,Epoetin Alfa,TRUE,FDA DailyMed / US NLM,TRUE,TRUE,TRUE,TRUE,TRUE,TRUE,TRUE,FALSE,FALSE,FALSE,FALSE,TRUE,TRUE,VALID
Ferrous Sulfate 325 mg Oral Tablet,4332,Ferrous Sulfate,TRUE,FDA DailyMed / US NLM,TRUE,TRUE,TRUE,TRUE,TRUE,TRUE,TRUE,FALSE,FALSE,FALSE,FALSE,TRUE,TRUE,VALID
Allopurinol 100 mg Oral Tablet,519,Allopurinol,TRUE,FDA DailyMed / US NLM,TRUE,TRUE,TRUE,TRUE,TRUE,TRUE,TRUE,FALSE,FALSE,FALSE,FALSE,TRUE,TRUE,VALID
Latanoprost 0.005 % Ophthalmic Drops,111429,Latanoprost,TRUE,FDA DailyMed / US NLM,TRUE,TRUE,TRUE,TRUE,TRUE,TRUE,TRUE,FALSE,FALSE,FALSE,FALSE,TRUE,TRUE,VALID
Timolol Ophthalmic 0.5 % Ophthalmic Solution,10600,Timolol Ophthalmic,TRUE,FDA DailyMed / US NLM,TRUE,TRUE,TRUE,TRUE,TRUE,TRUE,TRUE,FALSE,FALSE,FALSE,FALSE,TRUE,TRUE,VALID
Brimonidine 0.2 % Ophthalmic Drops,25667,Brimonidine,TRUE,FDA DailyMed / US NLM,TRUE,TRUE,TRUE,TRUE,TRUE,TRUE,TRUE,FALSE,FALSE,FALSE,FALSE,TRUE,TRUE,VALID
Dorzolamide 2 % Ophthalmic Solution,42353,Dorzolamide,TRUE,FDA DailyMed / US NLM,TRUE,TRUE,TRUE,TRUE,TRUE,TRUE,TRUE,FALSE,FALSE,FALSE,FALSE,TRUE,TRUE,WARNING
Tretinoin 0.05 % Topical Cream / Gel,10759,Tretinoin,TRUE,FDA DailyMed / US NLM,TRUE,TRUE,TRUE,TRUE,TRUE,TRUE,TRUE,FALSE,FALSE,FALSE,FALSE,TRUE,TRUE,VALID
Adapalene 0.1 % Topical Gel / Cream,1364432,Adapalene,TRUE,FDA DailyMed / US NLM,TRUE,TRUE,TRUE,TRUE,TRUE,TRUE,TRUE,FALSE,FALSE,FALSE,FALSE,TRUE,TRUE,VALID
Clobetasol Propionate 0.05 % Topical Cream / Ointment,2598,Clobetasol Propionate,TRUE,FDA DailyMed / US NLM,TRUE,TRUE,TRUE,TRUE,TRUE,TRUE,TRUE,FALSE,FALSE,FALSE,FALSE,TRUE,TRUE,VALID
Mupirocin 2 % Topical Ointment,7164,Mupirocin,TRUE,FDA DailyMed / US NLM,TRUE,TRUE,TRUE,TRUE,TRUE,TRUE,TRUE,FALSE,FALSE,FALSE,FALSE,TRUE,TRUE,VALID
Posaconazole 300 mg Oral Tablet (DR) / IV,612790,Posaconazole,TRUE,FDA DailyMed / US NLM,TRUE,TRUE,TRUE,TRUE,TRUE,TRUE,TRUE,FALSE,FALSE,FALSE,FALSE,TRUE,TRUE,VALID
Isavuconazonium Sulfate 372 mg Oral Capsule / IV,1656895,Isavuconazonium Sulfate,TRUE,FDA DailyMed / US NLM,TRUE,TRUE,TRUE,TRUE,TRUE,TRUE,TRUE,FALSE,FALSE,FALSE,FALSE,TRUE,TRUE,VALID
"Nystatin 500,000 units Oral Suspension / Topical",7549,Nystatin,TRUE,FDA DailyMed / US NLM,TRUE,TRUE,TRUE,TRUE,TRUE,TRUE,TRUE,FALSE,FALSE,FALSE,FALSE,TRUE,TRUE,VALID
Clotrimazole 10 mg Oral Troche / Topical 1% / Vaginal,2623,Clotrimazole,TRUE,FDA DailyMed / US NLM,TRUE,TRUE,TRUE,TRUE,TRUE,TRUE,TRUE,FALSE,FALSE,FALSE,FALSE,TRUE,TRUE,VALID
Miconazole 2 % Topical Cream / Vaginal Suppository,6959,Miconazole,TRUE,FDA DailyMed / US NLM,TRUE,TRUE,TRUE,TRUE,TRUE,TRUE,TRUE,FALSE,FALSE,FALSE,FALSE,TRUE,TRUE,VALID
Ketoconazole 200 mg Oral Tablet / Topical 2%,6135,Ketoconazole,TRUE,FDA DailyMed / US NLM,TRUE,TRUE,TRUE,TRUE,TRUE,TRUE,TRUE,FALSE,FALSE,FALSE,FALSE,TRUE,TRUE,VALID
Ganciclovir 500 mg IV Infusion / Ophthalmic,4684,Ganciclovir,TRUE,FDA DailyMed / US NLM,TRUE,TRUE,TRUE,TRUE,TRUE,TRUE,TRUE,FALSE,FALSE,FALSE,FALSE,TRUE,TRUE,VALID
Valganciclovir 450 mg Oral Tablet,258326,Valganciclovir,TRUE,FDA DailyMed / US NLM,TRUE,TRUE,TRUE,TRUE,TRUE,TRUE,TRUE,FALSE,FALSE,FALSE,FALSE,TRUE,TRUE,VALID
Foscarnet 24 mg/mL IV Infusion,4515,Foscarnet,TRUE,FDA DailyMed / US NLM,TRUE,TRUE,TRUE,TRUE,TRUE,TRUE,TRUE,FALSE,FALSE,FALSE,FALSE,TRUE,TRUE,VALID
Remdesivir 100 mg IV Infusion,2284718,Remdesivir,TRUE,FDA DailyMed / US NLM,TRUE,TRUE,TRUE,TRUE,TRUE,TRUE,TRUE,FALSE,FALSE,FALSE,FALSE,TRUE,TRUE,VALID
Entecavir 0.5 mg Oral Tablet / Solution,544075,Entecavir,TRUE,FDA DailyMed / US NLM,TRUE,TRUE,TRUE,TRUE,TRUE,TRUE,TRUE,FALSE,FALSE,FALSE,FALSE,TRUE,TRUE,VALID
Tenofovir Disoproxil Fumarate 300 mg Oral Tablet,284385,Tenofovir Disoproxil Fumarate,TRUE,FDA DailyMed / US NLM,TRUE,TRUE,TRUE,TRUE,TRUE,TRUE,TRUE,FALSE,FALSE,FALSE,FALSE,TRUE,TRUE,VALID
Tenofovir Alafenamide 25 mg Oral Tablet,1721603,Tenofovir Alafenamide,TRUE,FDA DailyMed / US NLM,TRUE,TRUE,TRUE,TRUE,TRUE,TRUE,TRUE,FALSE,FALSE,FALSE,FALSE,TRUE,TRUE,VALID
Emtricitabine 200 mg Oral Capsule,356447,Emtricitabine,TRUE,FDA DailyMed / US NLM,TRUE,TRUE,TRUE,TRUE,TRUE,TRUE,TRUE,FALSE,FALSE,FALSE,FALSE,TRUE,TRUE,VALID
Lamivudine 150 mg Oral Tablet,28439,Lamivudine,TRUE,FDA DailyMed / US NLM,TRUE,TRUE,TRUE,TRUE,TRUE,TRUE,TRUE,FALSE,FALSE,FALSE,FALSE,TRUE,TRUE,VALID
Abacavir 300 mg Oral Tablet,190007,Abacavir,TRUE,FDA DailyMed / US NLM,TRUE,TRUE,TRUE,TRUE,TRUE,TRUE,TRUE,FALSE,FALSE,FALSE,FALSE,TRUE,TRUE,VALID
Dolutegravir 50 mg Oral Tablet,1433868,Dolutegravir,TRUE,FDA DailyMed / US NLM,TRUE,TRUE,TRUE,TRUE,TRUE,TRUE,TRUE,FALSE,FALSE,FALSE,FALSE,TRUE,TRUE,VALID
Bictegravir 50 mg Oral Tablet (Combined),1999554,Bictegravir,TRUE,FDA DailyMed / US NLM,TRUE,TRUE,TRUE,TRUE,TRUE,TRUE,TRUE,FALSE,FALSE,FALSE,FALSE,TRUE,TRUE,VALID
Efavirenz 600 mg Oral Tablet,194682,Efavirenz,TRUE,FDA DailyMed / US NLM,TRUE,TRUE,TRUE,TRUE,TRUE,TRUE,TRUE,FALSE,FALSE,FALSE,FALSE,TRUE,TRUE,VALID
Raltegravir 400 mg Oral Tablet,698246,Raltegravir,TRUE,FDA DailyMed / US NLM,TRUE,TRUE,TRUE,TRUE,TRUE,TRUE,TRUE,FALSE,FALSE,FALSE,FALSE,TRUE,TRUE,VALID
Darunavir 800 mg Oral Tablet,617993,Darunavir,TRUE,FDA DailyMed / US NLM,TRUE,TRUE,TRUE,TRUE,TRUE,TRUE,TRUE,FALSE,FALSE,FALSE,FALSE,TRUE,TRUE,VALID
Atazanavir 300 mg Oral Capsule,343047,Atazanavir,TRUE,FDA DailyMed / US NLM,TRUE,TRUE,TRUE,TRUE,TRUE,TRUE,TRUE,FALSE,FALSE,FALSE,FALSE,TRUE,TRUE,VALID
Ivermectin 3 mg Oral Tablet / Topical 1%,6054,Ivermectin,TRUE,FDA DailyMed / US NLM,TRUE,TRUE,TRUE,TRUE,TRUE,TRUE,TRUE,FALSE,FALSE,FALSE,FALSE,TRUE,TRUE,VALID
Albendazole 400 mg Oral Tablet,609,Albendazole,TRUE,FDA DailyMed / US NLM,TRUE,TRUE,TRUE,TRUE,TRUE,TRUE,TRUE,FALSE,FALSE,FALSE,FALSE,TRUE,TRUE,VALID
Mebendazole 100 mg Oral Chewable Tablet,6672,Mebendazole,TRUE,FDA DailyMed / US NLM,TRUE,TRUE,TRUE,TRUE,TRUE,TRUE,TRUE,FALSE,FALSE,FALSE,FALSE,TRUE,TRUE,VALID
Praziquantel 600 mg Oral Tablet,8617,Praziquantel,TRUE,FDA DailyMed / US NLM,TRUE,TRUE,TRUE,TRUE,TRUE,TRUE,TRUE,FALSE,FALSE,FALSE,FALSE,TRUE,TRUE,VALID
Permethrin 5 % Topical Cream / 1% Lotion,8094,Permethrin,TRUE,FDA DailyMed / US NLM,TRUE,TRUE,TRUE,TRUE,TRUE,TRUE,TRUE,FALSE,FALSE,FALSE,FALSE,TRUE,TRUE,VALID
Dapsone 100 mg Oral Tablet / Topical Gel,3138,Dapsone,TRUE,FDA DailyMed / US NLM,TRUE,TRUE,TRUE,TRUE,TRUE,TRUE,TRUE,FALSE,FALSE,FALSE,FALSE,TRUE,TRUE,VALID
Artemether and Lumefantrine 20-120 mg Oral Tablet,831533,Artemether / Lumefantrine,TRUE,FDA DailyMed / US NLM,TRUE,TRUE,TRUE,TRUE,TRUE,TRUE,TRUE,FALSE,FALSE,FALSE,FALSE,TRUE,TRUE,VALID
Atovaquone and Proguanil 250-100 mg Oral Tablet,218274,Atovaquone / Proguanil,TRUE,FDA DailyMed / US NLM,TRUE,TRUE,TRUE,TRUE,TRUE,TRUE,TRUE,FALSE,FALSE,FALSE,FALSE,TRUE,TRUE,VALID
Bicalutamide 50 mg Oral Tablet,17154,Bicalutamide,TRUE,FDA DailyMed / US NLM,TRUE,TRUE,TRUE,TRUE,TRUE,TRUE,TRUE,FALSE,FALSE,FALSE,FALSE,TRUE,TRUE,VALID
Enzalutamide 40 mg Oral Capsule / Tablet,1310656,Enzalutamide,TRUE,FDA DailyMed / US NLM,TRUE,TRUE,TRUE,TRUE,TRUE,TRUE,TRUE,FALSE,FALSE,FALSE,FALSE,TRUE,TRUE,VALID
Abiraterone Acetate 250 mg Oral Tablet,1100699,Abiraterone Acetate,TRUE,FDA DailyMed / US NLM,TRUE,TRUE,TRUE,TRUE,TRUE,TRUE,TRUE,FALSE,FALSE,FALSE,FALSE,TRUE,TRUE,VALID
Leuprolide Acetate 7.5 mg IM Depot Injection,6373,Leuprolide Acetate,TRUE,FDA DailyMed / US NLM,TRUE,TRUE,TRUE,TRUE,TRUE,TRUE,TRUE,FALSE,FALSE,FALSE,FALSE,TRUE,TRUE,VALID
Goserelin 3.6 mg SC Implant,4930,Goserelin,TRUE,FDA DailyMed / US NLM,TRUE,TRUE,TRUE,TRUE,TRUE,TRUE,TRUE,FALSE,FALSE,FALSE,FALSE,TRUE,TRUE,VALID
Erlotinib 150 mg Oral Tablet,358263,Erlotinib,TRUE,FDA DailyMed / US NLM,TRUE,TRUE,TRUE,TRUE,TRUE,TRUE,TRUE,FALSE,FALSE,FALSE,FALSE,TRUE,TRUE,VALID
Gefitinib 250 mg Oral Tablet,343048,Gefitinib,TRUE,FDA DailyMed / US NLM,TRUE,TRUE,TRUE,TRUE,TRUE,TRUE,TRUE,FALSE,FALSE,FALSE,FALSE,TRUE,TRUE,WARNING
Osimertinib 80 mg Oral Tablet,1719286,Osimertinib,TRUE,FDA DailyMed / US NLM,TRUE,TRUE,TRUE,TRUE,TRUE,TRUE,TRUE,FALSE,FALSE,FALSE,FALSE,TRUE,TRUE,VALID
Palbociclib 125 mg Oral Capsule / Tablet,1601380,Palbociclib,TRUE,FDA DailyMed / US NLM,TRUE,TRUE,TRUE,TRUE,TRUE,TRUE,TRUE,FALSE,FALSE,FALSE,FALSE,TRUE,TRUE,VALID
Ribociclib 200 mg Oral Tablet,1873983,Ribociclib,TRUE,FDA DailyMed / US NLM,TRUE,TRUE,TRUE,TRUE,TRUE,TRUE,TRUE,FALSE,FALSE,FALSE,FALSE,TRUE,TRUE,VALID
Olaparib 150 mg Oral Tablet,1598284,Olaparib,TRUE,FDA DailyMed / US NLM,TRUE,TRUE,TRUE,TRUE,TRUE,TRUE,TRUE,FALSE,FALSE,FALSE,FALSE,TRUE,TRUE,VALID
Pembrolizumab 100 mg IV Infusion,1547545,Pembrolizumab,TRUE,FDA DailyMed / US NLM,TRUE,TRUE,TRUE,TRUE,TRUE,TRUE,TRUE,FALSE,FALSE,FALSE,FALSE,TRUE,TRUE,VALID
Nivolumab 100 mg IV Infusion,1597876,Nivolumab,TRUE,FDA DailyMed / US NLM,TRUE,TRUE,TRUE,TRUE,TRUE,TRUE,TRUE,FALSE,FALSE,FALSE,FALSE,TRUE,TRUE,VALID
Bevacizumab 400 mg IV Infusion,358262,Bevacizumab,TRUE,FDA DailyMed / US NLM,TRUE,TRUE,TRUE,TRUE,TRUE,TRUE,TRUE,FALSE,FALSE,FALSE,FALSE,TRUE,TRUE,VALID
Cetuximab 100 mg IV Infusion,384459,Cetuximab,TRUE,FDA DailyMed / US NLM,TRUE,TRUE,TRUE,TRUE,TRUE,TRUE,TRUE,FALSE,FALSE,FALSE,FALSE,TRUE,TRUE,VALID
Bortezomib 3.5 mg SC / IV Injection,358261,Bortezomib,TRUE,FDA DailyMed / US NLM,TRUE,TRUE,TRUE,TRUE,TRUE,TRUE,TRUE,FALSE,FALSE,FALSE,FALSE,TRUE,TRUE,VALID
Lenalidomide 25 mg Oral Capsule,612792,Lenalidomide,TRUE,FDA DailyMed / US NLM,TRUE,TRUE,TRUE,TRUE,TRUE,TRUE,TRUE,FALSE,FALSE,FALSE,FALSE,TRUE,TRUE,VALID
Hydroxyurea 500 mg Oral Capsule,5526,Hydroxyurea,TRUE,FDA DailyMed / US NLM,TRUE,TRUE,TRUE,TRUE,TRUE,TRUE,TRUE,FALSE,FALSE,FALSE,FALSE,TRUE,TRUE,VALID
Etoposide 50 mg Oral Capsule / IV,4177,Etoposide,TRUE,FDA DailyMed / US NLM,TRUE,TRUE,TRUE,TRUE,TRUE,TRUE,TRUE,FALSE,FALSE,FALSE,FALSE,TRUE,TRUE,VALID
Vincristine 1 mg/mL IV Infusion,11202,Vincristine,TRUE,FDA DailyMed / US NLM,TRUE,TRUE,TRUE,TRUE,TRUE,TRUE,TRUE,FALSE,FALSE,FALSE,FALSE,TRUE,TRUE,VALID
Gemcitabine 1 g IV Infusion,12574,Gemcitabine,TRUE,FDA DailyMed / US NLM,TRUE,TRUE,TRUE,TRUE,TRUE,TRUE,TRUE,FALSE,FALSE,FALSE,FALSE,TRUE,TRUE,VALID
Cytarabine 100 mg IV / SC / Intrathecal,3054,Cytarabine,TRUE,FDA DailyMed / US NLM,TRUE,TRUE,TRUE,TRUE,TRUE,TRUE,TRUE,FALSE,FALSE,FALSE,FALSE,TRUE,TRUE,VALID
Temozolomide 100 mg Oral Capsule / IV,73044,Temozolomide,TRUE,FDA DailyMed / US NLM,TRUE,TRUE,TRUE,TRUE,TRUE,TRUE,TRUE,FALSE,FALSE,FALSE,FALSE,TRUE,TRUE,VALID
Bleomycin 15 units IV / IM / SC / Intrapleural,1618,Bleomycin,TRUE,FDA DailyMed / US NLM,TRUE,TRUE,TRUE,TRUE,TRUE,TRUE,TRUE,FALSE,FALSE,FALSE,FALSE,TRUE,TRUE,VALID
Fesoterodine 4 mg Oral Tablet (ER),795458,Fesoterodine,TRUE,FDA DailyMed / US NLM,TRUE,TRUE,TRUE,TRUE,TRUE,TRUE,TRUE,FALSE,FALSE,FALSE,FALSE,TRUE,TRUE,VALID
Darifenacin 7.5 mg Oral Tablet (ER),404862,Darifenacin,TRUE,FDA DailyMed / US NLM,TRUE,TRUE,TRUE,TRUE,TRUE,TRUE,TRUE,FALSE,FALSE,FALSE,FALSE,TRUE,TRUE,WARNING
Trospium Chloride 20 mg Oral Tablet / ER Capsule,384458,Trospium Chloride,TRUE,FDA DailyMed / US NLM,TRUE,TRUE,TRUE,TRUE,TRUE,TRUE,TRUE,FALSE,FALSE,FALSE,FALSE,TRUE,TRUE,VALID
Potassium Chloride 20 mEq Oral Tablet (ER) / Solution / IV,8591,Potassium Chloride,TRUE,FDA DailyMed / US NLM,TRUE,TRUE,TRUE,TRUE,TRUE,TRUE,TRUE,FALSE,FALSE,FALSE,FALSE,TRUE,TRUE,VALID
Sodium Bicarbonate 650 mg Oral Tablet / IV 8.4%,9863,Sodium Bicarbonate,TRUE,FDA DailyMed / US NLM,TRUE,TRUE,TRUE,TRUE,TRUE,TRUE,TRUE,FALSE,FALSE,FALSE,FALSE,TRUE,TRUE,VALID
"Ergocalciferol 50,000 IU Oral Capsule",4038,Ergocalciferol,TRUE,FDA DailyMed / US NLM,TRUE,TRUE,TRUE,TRUE,TRUE,TRUE,TRUE,FALSE,FALSE,FALSE,FALSE,TRUE,TRUE,VALID
"Cholecalciferol 2,000 IU Oral Tablet / Drops",2418,Cholecalciferol,TRUE,FDA DailyMed / US NLM,TRUE,TRUE,TRUE,TRUE,TRUE,TRUE,TRUE,FALSE,FALSE,FALSE,FALSE,TRUE,TRUE,VALID
Raloxifene 60 mg Oral Tablet,35827,Raloxifene,TRUE,FDA DailyMed / US NLM,TRUE,TRUE,TRUE,TRUE,TRUE,TRUE,TRUE,FALSE,FALSE,FALSE,FALSE,TRUE,TRUE,VALID
Betaxolol 0.5 % Ophthalmic Drops / Oral Tablet,1512,Betaxolol,TRUE,FDA DailyMed / US NLM,TRUE,TRUE,TRUE,TRUE,TRUE,TRUE,TRUE,FALSE,FALSE,FALSE,FALSE,TRUE,TRUE,VALID
Brinzolamide 1 % Ophthalmic Suspension,1364429,Brinzolamide,TRUE,FDA DailyMed / US NLM,TRUE,TRUE,TRUE,TRUE,TRUE,TRUE,TRUE,FALSE,FALSE,FALSE,FALSE,TRUE,TRUE,VALID
Bimatoprost 0.01 % Ophthalmic Drops / 0.03% Lash Solution,284400,Bimatoprost,TRUE,FDA DailyMed / US NLM,TRUE,TRUE,TRUE,TRUE,TRUE,TRUE,TRUE,FALSE,FALSE,FALSE,FALSE,TRUE,TRUE,VALID
Pilocarpine 2 % Ophthalmic Solution / Oral Tablet,8330,Pilocarpine,TRUE,FDA DailyMed / US NLM,TRUE,TRUE,TRUE,TRUE,TRUE,TRUE,TRUE,FALSE,FALSE,FALSE,FALSE,TRUE,TRUE,VALID
Olopatadine 0.2 % Ophthalmic Solution / Nasal Spray,1364428,Olopatadine,TRUE,FDA DailyMed / US NLM,TRUE,TRUE,TRUE,TRUE,TRUE,TRUE,TRUE,FALSE,FALSE,FALSE,FALSE,TRUE,TRUE,VALID
Azelastine 0.05 % Ophthalmic Drops / 0.1% Nasal Spray,1219,Azelastine,TRUE,FDA DailyMed / US NLM,TRUE,TRUE,TRUE,TRUE,TRUE,TRUE,TRUE,FALSE,FALSE,FALSE,FALSE,TRUE,TRUE,VALID
Tacrolimus Topical 0.1 % Topical Ointment,284402,Tacrolimus Topical,TRUE,FDA DailyMed / US NLM,TRUE,TRUE,TRUE,TRUE,TRUE,TRUE,TRUE,FALSE,FALSE,FALSE,FALSE,TRUE,TRUE,VALID
Calcipotriene 0.005 % Topical Cream / Ointment / Foam,1888,Calcipotriene,TRUE,FDA DailyMed / US NLM,TRUE,TRUE,TRUE,TRUE,TRUE,TRUE,TRUE,FALSE,FALSE,FALSE,FALSE,TRUE,TRUE,VALID
Benzoyl Peroxide 5 % Topical Gel / Wash / Cream,1443,Benzoyl Peroxide,TRUE,FDA DailyMed / US NLM,TRUE,TRUE,TRUE,TRUE,TRUE,TRUE,TRUE,FALSE,FALSE,FALSE,FALSE,TRUE,TRUE,VALID
Salicylic Acid 2 % Topical Gel / Lotion / Shampoo,9524,Salicylic Acid,TRUE,FDA DailyMed / US NLM,TRUE,TRUE,TRUE,TRUE,TRUE,TRUE,TRUE,FALSE,FALSE,FALSE,FALSE,TRUE,TRUE,VALID
Isotretinoin 20 mg Oral Capsule,6064,Isotretinoin,TRUE,FDA DailyMed / US NLM,TRUE,TRUE,TRUE,TRUE,TRUE,TRUE,TRUE,FALSE,FALSE,FALSE,FALSE,TRUE,TRUE,VALID
